sample_accession	study_accession	run_accession	sample_alias	secondary_sample_accession	first_public	last_updated	instrument_model	library_layout	library_source	instrument_platform	library_name	library_strategy	fastq_aspera	fastq_bytes	fastq_md5	fastq_ftp	read_count	submitted_ftp
SAMEA7281193	PRJEB38643	ERR4556683	MOK20	ERS5041793	2020-09-01	2020-09-02	Illumina NovaSeq 6000	PAIRED	GENOMIC	ILLUMINA		WGS	fasp.sra.ebi.ac.uk:/vol1/fastq/ERR455/003/ERR4556683/ERR4556683_1.fastq.gz;fasp.sra.ebi.ac.uk:/vol1/fastq/ERR455/003/ERR4556683/ERR4556683_2.fastq.gz	1718805253;1779487038	4dfefd29572ac28f68771befb535177e;c24d719e14dd47efe3eac3b2e1e0ba21	ftp.sra.ebi.ac.uk/vol1/fastq/ERR455/003/ERR4556683/ERR4556683_1.fastq.gz;ftp.sra.ebi.ac.uk/vol1/fastq/ERR455/003/ERR4556683/ERR4556683_2.fastq.gz	57662265	ftp.sra.ebi.ac.uk/vol1/run/ERR455/ERR4556683/Lib3_10_P_L1_R1_001_NPHxVUqd90T4.fastq.gz;ftp.sra.ebi.ac.uk/vol1/run/ERR455/ERR4556683/Lib3_10_P_L1_R2_001_EkaoG9fzuKeb.fastq.gz
SAMEA7281184	PRJEB38643	ERR4556702	MOK10	ERS5041784	2020-09-01	2020-09-02	Illumina NovaSeq 6000	PAIRED	GENOMIC	ILLUMINA		WGS	fasp.sra.ebi.ac.uk:/vol1/fastq/ERR455/002/ERR4556702/ERR4556702_1.fastq.gz;fasp.sra.ebi.ac.uk:/vol1/fastq/ERR455/002/ERR4556702/ERR4556702_2.fastq.gz	1624362267;1664051813	a74d602df8c0975b5980e39d45256501;371d487d7eea32261fec7c4d32f3b831	ftp.sra.ebi.ac.uk/vol1/fastq/ERR455/002/ERR4556702/ERR4556702_1.fastq.gz;ftp.sra.ebi.ac.uk/vol1/fastq/ERR455/002/ERR4556702/ERR4556702_2.fastq.gz	55956904	ftp.sra.ebi.ac.uk/vol1/run/ERR455/ERR4556702/Lib4_10_P_L1_R1_001_ktdE6mjhv7Yp.fastq.gz;ftp.sra.ebi.ac.uk/vol1/run/ERR455/ERR4556702/Lib4_10_P_L1_R2_001_tmTOH22KYjJI.fastq.gz
SAMEA7281193	PRJEB38643	ERR4556824	MOK20	ERS5041793	2020-09-01	2020-09-02	Illumina NovaSeq 6000	PAIRED	GENOMIC	ILLUMINA		WGS	fasp.sra.ebi.ac.uk:/vol1/fastq/ERR455/004/ERR4556824/ERR4556824_1.fastq.gz;fasp.sra.ebi.ac.uk:/vol1/fastq/ERR455/004/ERR4556824/ERR4556824_2.fastq.gz	1722502785;1785714462	578ac0f23c4a0814c43b2fca9fe38e39;f240268564b85f986e3229fa258e7d70	ftp.sra.ebi.ac.uk/vol1/fastq/ERR455/004/ERR4556824/ERR4556824_1.fastq.gz;ftp.sra.ebi.ac.uk/vol1/fastq/ERR455/004/ERR4556824/ERR4556824_2.fastq.gz	57825639	ftp.sra.ebi.ac.uk/vol1/run/ERR455/ERR4556824/Lib3_10_P_L2_R1_001_3vSqlQ5BwWPT.fastq.gz;ftp.sra.ebi.ac.uk/vol1/run/ERR455/ERR4556824/Lib3_10_P_L2_R2_001_0gjZvo9uUCrZ.fastq.gz
SAMEA7281200	PRJEB38643	ERR4556946	MOK27	ERS5041800	2020-09-01	2020-09-02	Illumina NovaSeq 6000	PAIRED	GENOMIC	ILLUMINA		WGS	fasp.sra.ebi.ac.uk:/vol1/fastq/ERR455/006/ERR4556946/ERR4556946_1.fastq.gz;fasp.sra.ebi.ac.uk:/vol1/fastq/ERR455/006/ERR4556946/ERR4556946_2.fastq.gz	1967275785;2007000846	77a34bdb4a68fc7f911501fe458c7270;de3296bc2c95a9d272565ea2d3469c05	ftp.sra.ebi.ac.uk/vol1/fastq/ERR455/006/ERR4556946/ERR4556946_1.fastq.gz;ftp.sra.ebi.ac.uk/vol1/fastq/ERR455/006/ERR4556946/ERR4556946_2.fastq.gz	66055289	ftp.sra.ebi.ac.uk/vol1/run/ERR455/ERR4556946/Lib4_3_P_L2_R1_001_u41RKGBPMeFv.fastq.gz;ftp.sra.ebi.ac.uk/vol1/run/ERR455/ERR4556946/Lib4_3_P_L2_R2_001_OcwUtx7TBp54.fastq.gz
SAMEA7281184	PRJEB38643	ERR4556947	MOK10	ERS5041784	2020-09-01	2020-09-02	Illumina NovaSeq 6000	PAIRED	GENOMIC	ILLUMINA		WGS	fasp.sra.ebi.ac.uk:/vol1/fastq/ERR455/007/ERR4556947/ERR4556947_1.fastq.gz;fasp.sra.ebi.ac.uk:/vol1/fastq/ERR455/007/ERR4556947/ERR4556947_2.fastq.gz	1612588305;1650602639	3c013a2649d2e98d506d067733fc9503;8facf75bfec897cf9bb17aeb31aa47d6	ftp.sra.ebi.ac.uk/vol1/fastq/ERR455/007/ERR4556947/ERR4556947_1.fastq.gz;ftp.sra.ebi.ac.uk/vol1/fastq/ERR455/007/ERR4556947/ERR4556947_2.fastq.gz	55314318	ftp.sra.ebi.ac.uk/vol1/run/ERR455/ERR4556947/Lib4_10_P_L2_R1_001_XjAbVMozOQKS.fastq.gz;ftp.sra.ebi.ac.uk/vol1/run/ERR455/ERR4556947/Lib4_10_P_L2_R2_001_yLGMcH4W8iGQ.fastq.gz
SAMEA7281202	PRJEB38643	ERR4556948	MOK29	ERS5041802	2020-09-01	2020-09-02	Illumina NovaSeq 6000	PAIRED	GENOMIC	ILLUMINA		WGS	fasp.sra.ebi.ac.uk:/vol1/fastq/ERR455/008/ERR4556948/ERR4556948_1.fastq.gz;fasp.sra.ebi.ac.uk:/vol1/fastq/ERR455/008/ERR4556948/ERR4556948_2.fastq.gz	2496486671;2587541092	f1cb84d777e576114335e03ed78c7c03;50192535e534f123df72374063c35902	ftp.sra.ebi.ac.uk/vol1/fastq/ERR455/008/ERR4556948/ERR4556948_1.fastq.gz;ftp.sra.ebi.ac.uk/vol1/fastq/ERR455/008/ERR4556948/ERR4556948_2.fastq.gz	85280498	ftp.sra.ebi.ac.uk/vol1/run/ERR455/ERR4556948/Lib4_5_P_L1_R1_001_z7leJV4y6hlc.fastq.gz;ftp.sra.ebi.ac.uk/vol1/run/ERR455/ERR4556948/Lib4_5_P_L1_R2_001_1HgMaAzbFSZw.fastq.gz
SAMEA7281186	PRJEB38643	ERR4557040	MOK13	ERS5041786	2020-09-01	2020-09-02	Illumina NovaSeq 6000	PAIRED	GENOMIC	ILLUMINA		WGS	fasp.sra.ebi.ac.uk:/vol1/fastq/ERR455/000/ERR4557040/ERR4557040_1.fastq.gz;fasp.sra.ebi.ac.uk:/vol1/fastq/ERR455/000/ERR4557040/ERR4557040_2.fastq.gz	3044233658;3151872664	3e887f871357fd3cbbdc5c39c4135d65;3f61c20286f514241a6178ea0c6a8c6a	ftp.sra.ebi.ac.uk/vol1/fastq/ERR455/000/ERR4557040/ERR4557040_1.fastq.gz;ftp.sra.ebi.ac.uk/vol1/fastq/ERR455/000/ERR4557040/ERR4557040_2.fastq.gz	103010057	ftp.sra.ebi.ac.uk/vol1/run/ERR455/ERR4557040/Lib3_3_P_L1_R1_001_OYsdMeRwsf9B.fastq.gz;ftp.sra.ebi.ac.uk/vol1/run/ERR455/ERR4557040/Lib3_3_P_L1_R2_001_X5OTBjkZyAGr.fastq.gz
SAMEA7281186	PRJEB38643	ERR4557141	MOK13	ERS5041786	2020-09-01	2020-09-02	Illumina NovaSeq 6000	PAIRED	GENOMIC	ILLUMINA		WGS	fasp.sra.ebi.ac.uk:/vol1/fastq/ERR455/001/ERR4557141/ERR4557141_1.fastq.gz;fasp.sra.ebi.ac.uk:/vol1/fastq/ERR455/001/ERR4557141/ERR4557141_2.fastq.gz	3054124967;3165888362	bfd711971d01c589c1247e255133fbb0;8128ece0653dfee02b05b64f5de9c64e	ftp.sra.ebi.ac.uk/vol1/fastq/ERR455/001/ERR4557141/ERR4557141_1.fastq.gz;ftp.sra.ebi.ac.uk/vol1/fastq/ERR455/001/ERR4557141/ERR4557141_2.fastq.gz	103401145	ftp.sra.ebi.ac.uk/vol1/run/ERR455/ERR4557141/Lib3_3_P_L2_R1_001_P5Sq3i2HF9tA.fastq.gz;ftp.sra.ebi.ac.uk/vol1/run/ERR455/ERR4557141/Lib3_3_P_L2_R2_001_QvoWUx1Gsdtt.fastq.gz
SAMEA7281198	PRJEB38643	ERR4557142	MOK25	ERS5041798	2020-09-01	2020-09-02	Illumina NovaSeq 6000	PAIRED	GENOMIC	ILLUMINA		WGS	fasp.sra.ebi.ac.uk:/vol1/fastq/ERR455/002/ERR4557142/ERR4557142_1.fastq.gz;fasp.sra.ebi.ac.uk:/vol1/fastq/ERR455/002/ERR4557142/ERR4557142_2.fastq.gz	2055847268;2115660549	88a8ca58f41a47fd17872eaa4498276d;44022394b3e0212833b0d237e8dde083	ftp.sra.ebi.ac.uk/vol1/fastq/ERR455/002/ERR4557142/ERR4557142_1.fastq.gz;ftp.sra.ebi.ac.uk/vol1/fastq/ERR455/002/ERR4557142/ERR4557142_2.fastq.gz	68837090	ftp.sra.ebi.ac.uk/vol1/run/ERR455/ERR4557142/Lib4_1_P_L1_R1_001_pPhtCdUyaitP.fastq.gz;ftp.sra.ebi.ac.uk/vol1/run/ERR455/ERR4557142/Lib4_1_P_L1_R2_001_41971YzkQLr8.fastq.gz
SAMEA7281194	PRJEB38643	ERR4557146	MOK21	ERS5041794	2020-09-01	2020-09-02	Illumina NovaSeq 6000	PAIRED	GENOMIC	ILLUMINA		WGS	fasp.sra.ebi.ac.uk:/vol1/fastq/ERR455/006/ERR4557146/ERR4557146_1.fastq.gz;fasp.sra.ebi.ac.uk:/vol1/fastq/ERR455/006/ERR4557146/ERR4557146_2.fastq.gz	3396801506;3509925525	b64f6874cf41bf122761ddfe84be88f7;cf37ccb0a9f91e40240b4fb5b578a7bb	ftp.sra.ebi.ac.uk/vol1/fastq/ERR455/006/ERR4557146/ERR4557146_1.fastq.gz;ftp.sra.ebi.ac.uk/vol1/fastq/ERR455/006/ERR4557146/ERR4557146_2.fastq.gz	115370128	ftp.sra.ebi.ac.uk/vol1/run/ERR455/ERR4557146/Lib3_11_P_L1_R1_001_QtqNJVuc7sUO.fastq.gz;ftp.sra.ebi.ac.uk/vol1/run/ERR455/ERR4557146/Lib3_11_P_L1_R2_001_lRokT2l9NSpf.fastq.gz
SAMEA7281202	PRJEB38643	ERR4557156	MOK29	ERS5041802	2020-09-01	2020-09-02	Illumina NovaSeq 6000	PAIRED	GENOMIC	ILLUMINA		WGS	fasp.sra.ebi.ac.uk:/vol1/fastq/ERR455/006/ERR4557156/ERR4557156_1.fastq.gz;fasp.sra.ebi.ac.uk:/vol1/fastq/ERR455/006/ERR4557156/ERR4557156_2.fastq.gz	2481544475;2571263025	b0a4b7e7762a774683c5423194bf9c7b;f7ff813a79b8e6199c4c368620004f14	ftp.sra.ebi.ac.uk/vol1/fastq/ERR455/006/ERR4557156/ERR4557156_1.fastq.gz;ftp.sra.ebi.ac.uk/vol1/fastq/ERR455/006/ERR4557156/ERR4557156_2.fastq.gz	84434579	ftp.sra.ebi.ac.uk/vol1/run/ERR455/ERR4557156/Lib4_5_P_L2_R1_001_f1Ly2T4LLMVd.fastq.gz;ftp.sra.ebi.ac.uk/vol1/run/ERR455/ERR4557156/Lib4_5_P_L2_R2_001_8b1O25i7J187.fastq.gz
SAMEA7281187	PRJEB38643	ERR4557166	MOK14	ERS5041787	2020-09-01	2020-09-02	Illumina NovaSeq 6000	PAIRED	GENOMIC	ILLUMINA		WGS	fasp.sra.ebi.ac.uk:/vol1/fastq/ERR455/006/ERR4557166/ERR4557166_1.fastq.gz;fasp.sra.ebi.ac.uk:/vol1/fastq/ERR455/006/ERR4557166/ERR4557166_2.fastq.gz	2113502488;2186872099	8f7cc1a195833f47577c873f83646c6f;9e6084328561744ebe8bae1be60e24a6	ftp.sra.ebi.ac.uk/vol1/fastq/ERR455/006/ERR4557166/ERR4557166_1.fastq.gz;ftp.sra.ebi.ac.uk/vol1/fastq/ERR455/006/ERR4557166/ERR4557166_2.fastq.gz	70633513	ftp.sra.ebi.ac.uk/vol1/run/ERR455/ERR4557166/Lib3_4_P_L1_R1_001_V7LrNxqQd3yz.fastq.gz;ftp.sra.ebi.ac.uk/vol1/run/ERR455/ERR4557166/Lib3_4_P_L1_R2_001_BezzU5y4xCfk.fastq.gz
SAMEA7281201	PRJEB38643	ERR4557172	MOK28	ERS5041801	2020-09-01	2020-09-02	Illumina NovaSeq 6000	PAIRED	GENOMIC	ILLUMINA		WGS	fasp.sra.ebi.ac.uk:/vol1/fastq/ERR455/002/ERR4557172/ERR4557172_1.fastq.gz;fasp.sra.ebi.ac.uk:/vol1/fastq/ERR455/002/ERR4557172/ERR4557172_2.fastq.gz	1811597504;1866180420	cfa8e928cc623f4ef0e10341e70949cb;1eb5b83a4c118d45fa523099db212a27	ftp.sra.ebi.ac.uk/vol1/fastq/ERR455/002/ERR4557172/ERR4557172_1.fastq.gz;ftp.sra.ebi.ac.uk/vol1/fastq/ERR455/002/ERR4557172/ERR4557172_2.fastq.gz	62322615	ftp.sra.ebi.ac.uk/vol1/run/ERR455/ERR4557172/Lib4_4_P_L1_R1_001_Y047ZptXQJ7u.fastq.gz;ftp.sra.ebi.ac.uk/vol1/run/ERR455/ERR4557172/Lib4_4_P_L1_R2_001_1LhOZolu8zc2.fastq.gz
SAMEA7281187	PRJEB38643	ERR4557186	MOK14	ERS5041787	2020-09-01	2020-09-02	Illumina NovaSeq 6000	PAIRED	GENOMIC	ILLUMINA		WGS	fasp.sra.ebi.ac.uk:/vol1/fastq/ERR455/006/ERR4557186/ERR4557186_1.fastq.gz;fasp.sra.ebi.ac.uk:/vol1/fastq/ERR455/006/ERR4557186/ERR4557186_2.fastq.gz	2119361958;2195825144	c2710363e04beb11b070ce65f39942d8;ea471694b192a4fa03c50421d0f25661	ftp.sra.ebi.ac.uk/vol1/fastq/ERR455/006/ERR4557186/ERR4557186_1.fastq.gz;ftp.sra.ebi.ac.uk/vol1/fastq/ERR455/006/ERR4557186/ERR4557186_2.fastq.gz	70874177	ftp.sra.ebi.ac.uk/vol1/run/ERR455/ERR4557186/Lib3_4_P_L2_R1_001_726o0SeFwECM.fastq.gz;ftp.sra.ebi.ac.uk/vol1/run/ERR455/ERR4557186/Lib3_4_P_L2_R2_001_VfeDIsy5xOkW.fastq.gz
SAMEA7281203	PRJEB38643	ERR4557187	MOK30	ERS5041803	2020-09-01	2020-09-02	Illumina NovaSeq 6000	PAIRED	GENOMIC	ILLUMINA		WGS	fasp.sra.ebi.ac.uk:/vol1/fastq/ERR455/007/ERR4557187/ERR4557187_1.fastq.gz;fasp.sra.ebi.ac.uk:/vol1/fastq/ERR455/007/ERR4557187/ERR4557187_2.fastq.gz	1448675899;1501068908	ad7d97345b18672d5668dc261772d68b;028ea647c4a7b87a3f7835a675756cb0	ftp.sra.ebi.ac.uk/vol1/fastq/ERR455/007/ERR4557187/ERR4557187_1.fastq.gz;ftp.sra.ebi.ac.uk/vol1/fastq/ERR455/007/ERR4557187/ERR4557187_2.fastq.gz	49183951	ftp.sra.ebi.ac.uk/vol1/run/ERR455/ERR4557187/Lib4_6_P_L1_R1_001_SkvkKv6YPkcC.fastq.gz;ftp.sra.ebi.ac.uk/vol1/run/ERR455/ERR4557187/Lib4_6_P_L1_R2_001_33M1laCuhZzp.fastq.gz
SAMEA7281198	PRJEB38643	ERR4557188	MOK25	ERS5041798	2020-09-01	2020-09-02	Illumina NovaSeq 6000	PAIRED	GENOMIC	ILLUMINA		WGS	fasp.sra.ebi.ac.uk:/vol1/fastq/ERR455/008/ERR4557188/ERR4557188_1.fastq.gz;fasp.sra.ebi.ac.uk:/vol1/fastq/ERR455/008/ERR4557188/ERR4557188_2.fastq.gz	2060483645;2122320723	d0ab38c760c1f3232cd4eb99984a8922;ce20d4d7211d49228ec324b6ba109d2e	ftp.sra.ebi.ac.uk/vol1/fastq/ERR455/008/ERR4557188/ERR4557188_1.fastq.gz;ftp.sra.ebi.ac.uk/vol1/fastq/ERR455/008/ERR4557188/ERR4557188_2.fastq.gz	69048904	ftp.sra.ebi.ac.uk/vol1/run/ERR455/ERR4557188/Lib4_1_P_L2_R1_001_JEflKg8xFkeu.fastq.gz;ftp.sra.ebi.ac.uk/vol1/run/ERR455/ERR4557188/Lib4_1_P_L2_R2_001_ISOdrYCZqa4T.fastq.gz
SAMEA7281201	PRJEB38643	ERR4557192	MOK28	ERS5041801	2020-09-02	2020-09-02	Illumina NovaSeq 6000	PAIRED	GENOMIC	ILLUMINA		WGS	fasp.sra.ebi.ac.uk:/vol1/fastq/ERR455/002/ERR4557192/ERR4557192_1.fastq.gz;fasp.sra.ebi.ac.uk:/vol1/fastq/ERR455/002/ERR4557192/ERR4557192_2.fastq.gz	1800461966;1853945683	08f2797c07fdb2b4876d47f8bf432942;5eb423966473d89c5a3c511a7739f066	ftp.sra.ebi.ac.uk/vol1/fastq/ERR455/002/ERR4557192/ERR4557192_1.fastq.gz;ftp.sra.ebi.ac.uk/vol1/fastq/ERR455/002/ERR4557192/ERR4557192_2.fastq.gz	61699278	ftp.sra.ebi.ac.uk/vol1/run/ERR455/ERR4557192/Lib4_4_P_L2_R1_001_OgA5slLRi5sa.fastq.gz;ftp.sra.ebi.ac.uk/vol1/run/ERR455/ERR4557192/Lib4_4_P_L2_R2_001_BzayrWlyptpY.fastq.gz
SAMEA7281194	PRJEB38643	ERR4557194	MOK21	ERS5041794	2020-09-02	2020-09-02	Illumina NovaSeq 6000	PAIRED	GENOMIC	ILLUMINA		WGS	fasp.sra.ebi.ac.uk:/vol1/fastq/ERR455/004/ERR4557194/ERR4557194_1.fastq.gz;fasp.sra.ebi.ac.uk:/vol1/fastq/ERR455/004/ERR4557194/ERR4557194_2.fastq.gz	3400770282;3518339693	5c1e797ea2ba4a4544bf8397945276dc;0ba3b22bb49cf4bf8219db9b2c5b8f84	ftp.sra.ebi.ac.uk/vol1/fastq/ERR455/004/ERR4557194/ERR4557194_1.fastq.gz;ftp.sra.ebi.ac.uk/vol1/fastq/ERR455/004/ERR4557194/ERR4557194_2.fastq.gz	115536462	ftp.sra.ebi.ac.uk/vol1/run/ERR455/ERR4557194/Lib3_11_P_L2_R1_001_Hz3lmnyxfcl7.fastq.gz;ftp.sra.ebi.ac.uk/vol1/run/ERR455/ERR4557194/Lib3_11_P_L2_R2_001_kqwjyuXZ8jk9.fastq.gz
SAMEA7281203	PRJEB38643	ERR4557356	MOK30	ERS5041803	2020-09-02	2020-09-02	Illumina NovaSeq 6000	PAIRED	GENOMIC	ILLUMINA		WGS	fasp.sra.ebi.ac.uk:/vol1/fastq/ERR455/006/ERR4557356/ERR4557356_1.fastq.gz;fasp.sra.ebi.ac.uk:/vol1/fastq/ERR455/006/ERR4557356/ERR4557356_2.fastq.gz	1436173475;1487516346	08d221b86cfb87e8109341fe93cda5fc;c7b743361c268940c0545f1b462f959d	ftp.sra.ebi.ac.uk/vol1/fastq/ERR455/006/ERR4557356/ERR4557356_1.fastq.gz;ftp.sra.ebi.ac.uk/vol1/fastq/ERR455/006/ERR4557356/ERR4557356_2.fastq.gz	48555283	ftp.sra.ebi.ac.uk/vol1/run/ERR455/ERR4557356/Lib4_6_P_L2_R1_001_HLibKc94FZX7.fastq.gz;ftp.sra.ebi.ac.uk/vol1/run/ERR455/ERR4557356/Lib4_6_P_L2_R2_001_WLlA9zCLq9cf.fastq.gz
SAMEA7281188	PRJEB38643	ERR4557357	MOK15	ERS5041788	2020-09-02	2020-09-02	Illumina NovaSeq 6000	PAIRED	GENOMIC	ILLUMINA		WGS	fasp.sra.ebi.ac.uk:/vol1/fastq/ERR455/007/ERR4557357/ERR4557357_1.fastq.gz;fasp.sra.ebi.ac.uk:/vol1/fastq/ERR455/007/ERR4557357/ERR4557357_2.fastq.gz	3244548615;3350976614	577ad315ee3d481a7421e2bce88f91c1;b3ad8e7a913b8338dd765275ce7e35bc	ftp.sra.ebi.ac.uk/vol1/fastq/ERR455/007/ERR4557357/ERR4557357_1.fastq.gz;ftp.sra.ebi.ac.uk/vol1/fastq/ERR455/007/ERR4557357/ERR4557357_2.fastq.gz	109811020	ftp.sra.ebi.ac.uk/vol1/run/ERR455/ERR4557357/Lib3_5_P_L1_R1_001_EWMaNkAIIl7A.fastq.gz;ftp.sra.ebi.ac.uk/vol1/run/ERR455/ERR4557357/Lib3_5_P_L1_R2_001_e6B7vsv3Dhpe.fastq.gz
SAMEA7281199	PRJEB38643	ERR4557358	MOK26	ERS5041799	2020-09-02	2020-09-02	Illumina NovaSeq 6000	PAIRED	GENOMIC	ILLUMINA		WGS	fasp.sra.ebi.ac.uk:/vol1/fastq/ERR455/008/ERR4557358/ERR4557358_1.fastq.gz;fasp.sra.ebi.ac.uk:/vol1/fastq/ERR455/008/ERR4557358/ERR4557358_2.fastq.gz	1814684933;1844313037	c8a20dd4a2b88361c432562cf85fc86f;28a4a26b4ef63247bc037d817c075888	ftp.sra.ebi.ac.uk/vol1/fastq/ERR455/008/ERR4557358/ERR4557358_1.fastq.gz;ftp.sra.ebi.ac.uk/vol1/fastq/ERR455/008/ERR4557358/ERR4557358_2.fastq.gz	61758701	ftp.sra.ebi.ac.uk/vol1/run/ERR455/ERR4557358/Lib4_2_P_L1_R1_001_U6U6iu0Gc4Vf.fastq.gz;ftp.sra.ebi.ac.uk/vol1/run/ERR455/ERR4557358/Lib4_2_P_L1_R2_001_vBsz1LpZKyP1.fastq.gz
SAMEA7281195	PRJEB38643	ERR4557359	MOK22	ERS5041795	2020-09-02	2020-09-02	Illumina NovaSeq 6000	PAIRED	GENOMIC	ILLUMINA		WGS	fasp.sra.ebi.ac.uk:/vol1/fastq/ERR455/009/ERR4557359/ERR4557359_1.fastq.gz;fasp.sra.ebi.ac.uk:/vol1/fastq/ERR455/009/ERR4557359/ERR4557359_2.fastq.gz	1481597604;1527738228	090d70ad903793bcbef1669d2eaa4239;f5255357bf4740a6c953f8e5c7fecc86	ftp.sra.ebi.ac.uk/vol1/fastq/ERR455/009/ERR4557359/ERR4557359_1.fastq.gz;ftp.sra.ebi.ac.uk/vol1/fastq/ERR455/009/ERR4557359/ERR4557359_2.fastq.gz	49673917	ftp.sra.ebi.ac.uk/vol1/run/ERR455/ERR4557359/Lib3_12_P_L1_R1_001_hWIPDoSyDRuR.fastq.gz;ftp.sra.ebi.ac.uk/vol1/run/ERR455/ERR4557359/Lib3_12_P_L1_R2_001_Gf4WndMMEhcS.fastq.gz
SAMEA7281188	PRJEB38643	ERR4557361	MOK15	ERS5041788	2020-09-02	2020-09-02	Illumina NovaSeq 6000	PAIRED	GENOMIC	ILLUMINA		WGS	fasp.sra.ebi.ac.uk:/vol1/fastq/ERR455/001/ERR4557361/ERR4557361_1.fastq.gz;fasp.sra.ebi.ac.uk:/vol1/fastq/ERR455/001/ERR4557361/ERR4557361_2.fastq.gz	3262572112;3373397288	10c7da630f4ee0451e9d4ea7cf6ac4f6;739227f9f29708dc106ac24f7a473df4	ftp.sra.ebi.ac.uk/vol1/fastq/ERR455/001/ERR4557361/ERR4557361_1.fastq.gz;ftp.sra.ebi.ac.uk/vol1/fastq/ERR455/001/ERR4557361/ERR4557361_2.fastq.gz	110474894	ftp.sra.ebi.ac.uk/vol1/run/ERR455/ERR4557361/Lib3_5_P_L2_R1_001_dvhYqT8pLZui.fastq.gz;ftp.sra.ebi.ac.uk/vol1/run/ERR455/ERR4557361/Lib3_5_P_L2_R2_001_Z93FUrRxUmB5.fastq.gz
SAMEA7281204	PRJEB38643	ERR4557387	MOK31	ERS5041804	2020-09-02	2020-09-02	Illumina NovaSeq 6000	PAIRED	GENOMIC	ILLUMINA		WGS	fasp.sra.ebi.ac.uk:/vol1/fastq/ERR455/007/ERR4557387/ERR4557387_1.fastq.gz;fasp.sra.ebi.ac.uk:/vol1/fastq/ERR455/007/ERR4557387/ERR4557387_2.fastq.gz	1905007437;1970747575	377e3d17d50b2f38c0ce89f7123bb673;8a8e97f3512a9cc1ac119b276ee1ed61	ftp.sra.ebi.ac.uk/vol1/fastq/ERR455/007/ERR4557387/ERR4557387_1.fastq.gz;ftp.sra.ebi.ac.uk/vol1/fastq/ERR455/007/ERR4557387/ERR4557387_2.fastq.gz	65337866	ftp.sra.ebi.ac.uk/vol1/run/ERR455/ERR4557387/Lib4_7_P_L1_R1_001_Ajtr89eeyU5p.fastq.gz;ftp.sra.ebi.ac.uk/vol1/run/ERR455/ERR4557387/Lib4_7_P_L1_R2_001_e1TcPUYDGvV4.fastq.gz
SAMEA7281195	PRJEB38643	ERR4557388	MOK22	ERS5041795	2020-09-02	2020-09-02	Illumina NovaSeq 6000	PAIRED	GENOMIC	ILLUMINA		WGS	fasp.sra.ebi.ac.uk:/vol1/fastq/ERR455/008/ERR4557388/ERR4557388_1.fastq.gz;fasp.sra.ebi.ac.uk:/vol1/fastq/ERR455/008/ERR4557388/ERR4557388_2.fastq.gz	1467368312;1512422902	fa19860aba259a1e5c85023bb2d23213;3cf0cb05f6fa5bc9a4518631f473a6c5	ftp.sra.ebi.ac.uk/vol1/fastq/ERR455/008/ERR4557388/ERR4557388_1.fastq.gz;ftp.sra.ebi.ac.uk/vol1/fastq/ERR455/008/ERR4557388/ERR4557388_2.fastq.gz	48988783	ftp.sra.ebi.ac.uk/vol1/run/ERR455/ERR4557388/Lib3_12_P_L2_R1_001_bJGoyXxtWS0T.fastq.gz;ftp.sra.ebi.ac.uk/vol1/run/ERR455/ERR4557388/Lib3_12_P_L2_R2_001_ysisTe5AItk5.fastq.gz
SAMEA7281199	PRJEB38643	ERR4557390	MOK26	ERS5041799	2020-09-02	2020-09-02	Illumina NovaSeq 6000	PAIRED	GENOMIC	ILLUMINA		WGS	fasp.sra.ebi.ac.uk:/vol1/fastq/ERR455/000/ERR4557390/ERR4557390_1.fastq.gz;fasp.sra.ebi.ac.uk:/vol1/fastq/ERR455/000/ERR4557390/ERR4557390_2.fastq.gz	1799976569;1828190057	db6273682e3637610f2a695c5ae4882a;f22a6f5b5e000910e23d66cd892a0530	ftp.sra.ebi.ac.uk/vol1/fastq/ERR455/000/ERR4557390/ERR4557390_1.fastq.gz;ftp.sra.ebi.ac.uk/vol1/fastq/ERR455/000/ERR4557390/ERR4557390_2.fastq.gz	61011999	ftp.sra.ebi.ac.uk/vol1/run/ERR455/ERR4557390/Lib4_2_P_L2_R1_001_TAWPWHEi9kJP.fastq.gz;ftp.sra.ebi.ac.uk/vol1/run/ERR455/ERR4557390/Lib4_2_P_L2_R2_001_r36dHUWQPVbP.fastq.gz
SAMEA7281189	PRJEB38643	ERR4557391	MOK16	ERS5041789	2020-09-02	2020-09-02	Illumina NovaSeq 6000	PAIRED	GENOMIC	ILLUMINA		WGS	fasp.sra.ebi.ac.uk:/vol1/fastq/ERR455/001/ERR4557391/ERR4557391_1.fastq.gz;fasp.sra.ebi.ac.uk:/vol1/fastq/ERR455/001/ERR4557391/ERR4557391_2.fastq.gz	2547806965;2654556052	7776c6bf629a3cc479638200f2be5cdd;60403ee29b6be8e6d8dc01c737d9e54c	ftp.sra.ebi.ac.uk/vol1/fastq/ERR455/001/ERR4557391/ERR4557391_1.fastq.gz;ftp.sra.ebi.ac.uk/vol1/fastq/ERR455/001/ERR4557391/ERR4557391_2.fastq.gz	85813826	ftp.sra.ebi.ac.uk/vol1/run/ERR455/ERR4557391/Lib3_6_P_L1_R1_001_KmuZU812tvxr.fastq.gz;ftp.sra.ebi.ac.uk/vol1/run/ERR455/ERR4557391/Lib3_6_P_L1_R2_001_1PpZDzezDEep.fastq.gz
SAMEA7281196	PRJEB38643	ERR4557393	MOK23	ERS5041796	2020-09-02	2020-09-02	Illumina NovaSeq 6000	PAIRED	GENOMIC	ILLUMINA		WGS	fasp.sra.ebi.ac.uk:/vol1/fastq/ERR455/003/ERR4557393/ERR4557393_1.fastq.gz;fasp.sra.ebi.ac.uk:/vol1/fastq/ERR455/003/ERR4557393/ERR4557393_2.fastq.gz	1504509050;1585508655	bdde89884fb450f4a822e4fcae9df990;3b2d29927250aa6eadf6cdecb7b34911	ftp.sra.ebi.ac.uk/vol1/fastq/ERR455/003/ERR4557393/ERR4557393_1.fastq.gz;ftp.sra.ebi.ac.uk/vol1/fastq/ERR455/003/ERR4557393/ERR4557393_2.fastq.gz	51601140	ftp.sra.ebi.ac.uk/vol1/run/ERR455/ERR4557393/Lib3_13_P_L1_R1_001_iOXvbNz5rBap.fastq.gz;ftp.sra.ebi.ac.uk/vol1/run/ERR455/ERR4557393/Lib3_13_P_L1_R2_001_UVmNZORKYmyi.fastq.gz
SAMEA7281204	PRJEB38643	ERR4557395	MOK31	ERS5041804	2020-09-02	2020-09-02	Illumina NovaSeq 6000	PAIRED	GENOMIC	ILLUMINA		WGS	fasp.sra.ebi.ac.uk:/vol1/fastq/ERR455/005/ERR4557395/ERR4557395_1.fastq.gz;fasp.sra.ebi.ac.uk:/vol1/fastq/ERR455/005/ERR4557395/ERR4557395_2.fastq.gz	1888378988;1952248794	c18cfef0cdbbba622379a4313cf0ed55;60df3d795394e47896a6e55cb8722336	ftp.sra.ebi.ac.uk/vol1/fastq/ERR455/005/ERR4557395/ERR4557395_1.fastq.gz;ftp.sra.ebi.ac.uk/vol1/fastq/ERR455/005/ERR4557395/ERR4557395_2.fastq.gz	64500936	ftp.sra.ebi.ac.uk/vol1/run/ERR455/ERR4557395/Lib4_7_P_L2_R1_001_AEo8HZwiI5b1.fastq.gz;ftp.sra.ebi.ac.uk/vol1/run/ERR455/ERR4557395/Lib4_7_P_L2_R2_001_qMmQ5s7wlpNU.fastq.gz
SAMEA7281189	PRJEB38643	ERR4557396	MOK16	ERS5041789	2020-09-02	2020-09-02	Illumina NovaSeq 6000	PAIRED	GENOMIC	ILLUMINA		WGS	fasp.sra.ebi.ac.uk:/vol1/fastq/ERR455/006/ERR4557396/ERR4557396_1.fastq.gz;fasp.sra.ebi.ac.uk:/vol1/fastq/ERR455/006/ERR4557396/ERR4557396_2.fastq.gz	2552482293;2663637662	355e714a700817d2ffabaf1aa328c9a1;df4c3292607ec855a9b7f1346530817f	ftp.sra.ebi.ac.uk/vol1/fastq/ERR455/006/ERR4557396/ERR4557396_1.fastq.gz;ftp.sra.ebi.ac.uk/vol1/fastq/ERR455/006/ERR4557396/ERR4557396_2.fastq.gz	86039370	ftp.sra.ebi.ac.uk/vol1/run/ERR455/ERR4557396/Lib3_6_P_L2_R1_001_ouw3TPPjthnP.fastq.gz;ftp.sra.ebi.ac.uk/vol1/run/ERR455/ERR4557396/Lib3_6_P_L2_R2_001_PfngjoyfBLGV.fastq.gz
SAMEA7281200	PRJEB38643	ERR4557397	MOK27	ERS5041800	2020-09-02	2020-09-02	Illumina NovaSeq 6000	PAIRED	GENOMIC	ILLUMINA		WGS	fasp.sra.ebi.ac.uk:/vol1/fastq/ERR455/007/ERR4557397/ERR4557397_1.fastq.gz;fasp.sra.ebi.ac.uk:/vol1/fastq/ERR455/007/ERR4557397/ERR4557397_2.fastq.gz	1988087235;2029911684	a563aed2bc9f2ab965dc180a87af0480;227d3a7ff8294669fa2683c6bb6aac9c	ftp.sra.ebi.ac.uk/vol1/fastq/ERR455/007/ERR4557397/ERR4557397_1.fastq.gz;ftp.sra.ebi.ac.uk/vol1/fastq/ERR455/007/ERR4557397/ERR4557397_2.fastq.gz	67028061	ftp.sra.ebi.ac.uk/vol1/run/ERR455/ERR4557397/Lib4_3_P_L1_R1_001_Cfp9D5lQSg8h.fastq.gz;ftp.sra.ebi.ac.uk/vol1/run/ERR455/ERR4557397/Lib4_3_P_L1_R2_001_q51tjrZMYCo1.fastq.gz
SAMEA7281196	PRJEB38643	ERR4557398	MOK23	ERS5041796	2020-09-02	2020-09-02	Illumina NovaSeq 6000	PAIRED	GENOMIC	ILLUMINA		WGS	fasp.sra.ebi.ac.uk:/vol1/fastq/ERR455/008/ERR4557398/ERR4557398_1.fastq.gz;fasp.sra.ebi.ac.uk:/vol1/fastq/ERR455/008/ERR4557398/ERR4557398_2.fastq.gz	1492554313;1571718551	99d745f746a1baadd7373bd4d1643c43;1ce0ecb915f30636ff53d00bf7a9dd99	ftp.sra.ebi.ac.uk/vol1/fastq/ERR455/008/ERR4557398/ERR4557398_1.fastq.gz;ftp.sra.ebi.ac.uk/vol1/fastq/ERR455/008/ERR4557398/ERR4557398_2.fastq.gz	50975362	ftp.sra.ebi.ac.uk/vol1/run/ERR455/ERR4557398/Lib3_13_P_L2_R1_001_QgKtL03owpKC.fastq.gz;ftp.sra.ebi.ac.uk/vol1/run/ERR455/ERR4557398/Lib3_13_P_L2_R2_001_quJn4k44VbSI.fastq.gz
SAMEA7281190	PRJEB38643	ERR4557399	MOK17	ERS5041790	2020-09-02	2020-09-02	Illumina NovaSeq 6000	PAIRED	GENOMIC	ILLUMINA		WGS	fasp.sra.ebi.ac.uk:/vol1/fastq/ERR455/009/ERR4557399/ERR4557399_1.fastq.gz;fasp.sra.ebi.ac.uk:/vol1/fastq/ERR455/009/ERR4557399/ERR4557399_2.fastq.gz	1470654423;1522208568	025c2b0f8c0b997cb8f66be5c2f2e3af;055548d48f1952dd8fedf545badccdf0	ftp.sra.ebi.ac.uk/vol1/fastq/ERR455/009/ERR4557399/ERR4557399_1.fastq.gz;ftp.sra.ebi.ac.uk/vol1/fastq/ERR455/009/ERR4557399/ERR4557399_2.fastq.gz	49196775	ftp.sra.ebi.ac.uk/vol1/run/ERR455/ERR4557399/Lib3_7_P_L1_R1_001_Du7ATuCfrboR.fastq.gz;ftp.sra.ebi.ac.uk/vol1/run/ERR455/ERR4557399/Lib3_7_P_L1_R2_001_qHnSj8VKiUpg.fastq.gz
SAMEA7281190	PRJEB38643	ERR4557416	MOK17	ERS5041790	2020-09-02	2020-09-02	Illumina NovaSeq 6000	PAIRED	GENOMIC	ILLUMINA		WGS	fasp.sra.ebi.ac.uk:/vol1/fastq/ERR455/006/ERR4557416/ERR4557416_1.fastq.gz;fasp.sra.ebi.ac.uk:/vol1/fastq/ERR455/006/ERR4557416/ERR4557416_2.fastq.gz	1479714646;1533225318	0ca37a39e019be54b0272372617934b1;24e269673a66088c2fc9edac8c1b9363	ftp.sra.ebi.ac.uk/vol1/fastq/ERR455/006/ERR4557416/ERR4557416_1.fastq.gz;ftp.sra.ebi.ac.uk/vol1/fastq/ERR455/006/ERR4557416/ERR4557416_2.fastq.gz	49534552	ftp.sra.ebi.ac.uk/vol1/run/ERR455/ERR4557416/Lib3_7_P_L2_R1_001_5rrhb7q0ZWT2.fastq.gz;ftp.sra.ebi.ac.uk/vol1/run/ERR455/ERR4557416/Lib3_7_P_L2_R2_001_Vt09kOLVZV9w.fastq.gz
SAMEA7281205	PRJEB38643	ERR4557417	MOK32	ERS5041805	2020-09-02	2020-09-02	Illumina NovaSeq 6000	PAIRED	GENOMIC	ILLUMINA		WGS	fasp.sra.ebi.ac.uk:/vol1/fastq/ERR455/007/ERR4557417/ERR4557417_1.fastq.gz;fasp.sra.ebi.ac.uk:/vol1/fastq/ERR455/007/ERR4557417/ERR4557417_2.fastq.gz	1756594358;1839991443	bfe1ad93e5e517a20ece5f649d2c7544;a53d29b94e2dffa3fa60710c45ab2a4e	ftp.sra.ebi.ac.uk/vol1/fastq/ERR455/007/ERR4557417/ERR4557417_1.fastq.gz;ftp.sra.ebi.ac.uk/vol1/fastq/ERR455/007/ERR4557417/ERR4557417_2.fastq.gz	60141395	ftp.sra.ebi.ac.uk/vol1/run/ERR455/ERR4557417/Lib4_8_P_L1_R1_001_5MuwTRXSiIxX.fastq.gz;ftp.sra.ebi.ac.uk/vol1/run/ERR455/ERR4557417/Lib4_8_P_L1_R2_001_NGSio4FXFJZm.fastq.gz
SAMEA7281197	PRJEB38643	ERR4557418	MOK24	ERS5041797	2020-09-02	2020-09-02	Illumina NovaSeq 6000	PAIRED	GENOMIC	ILLUMINA		WGS	fasp.sra.ebi.ac.uk:/vol1/fastq/ERR455/008/ERR4557418/ERR4557418_1.fastq.gz;fasp.sra.ebi.ac.uk:/vol1/fastq/ERR455/008/ERR4557418/ERR4557418_2.fastq.gz	1761036822;1794145117	e146c20c8e08dde9aab9634ec444539f;7d3b6d7c378d644e83e32342358c3272	ftp.sra.ebi.ac.uk/vol1/fastq/ERR455/008/ERR4557418/ERR4557418_1.fastq.gz;ftp.sra.ebi.ac.uk/vol1/fastq/ERR455/008/ERR4557418/ERR4557418_2.fastq.gz	58307098	ftp.sra.ebi.ac.uk/vol1/run/ERR455/ERR4557418/Lib3_14_P_L1_R1_001_maYiBcCv5688.fastq.gz;ftp.sra.ebi.ac.uk/vol1/run/ERR455/ERR4557418/Lib3_14_P_L1_R2_001_ghCZo7wzHWpf.fastq.gz
SAMEA7281205	PRJEB38643	ERR4557438	MOK32	ERS5041805	2020-09-02	2020-09-02	Illumina NovaSeq 6000	PAIRED	GENOMIC	ILLUMINA		WGS	fasp.sra.ebi.ac.uk:/vol1/fastq/ERR455/008/ERR4557438/ERR4557438_1.fastq.gz;fasp.sra.ebi.ac.uk:/vol1/fastq/ERR455/008/ERR4557438/ERR4557438_2.fastq.gz	1741683083;1823916447	acc9de3a4e1acfa291af9515777160b2;351c3db5fa8ed99da82b618165b00758	ftp.sra.ebi.ac.uk/vol1/fastq/ERR455/008/ERR4557438/ERR4557438_1.fastq.gz;ftp.sra.ebi.ac.uk/vol1/fastq/ERR455/008/ERR4557438/ERR4557438_2.fastq.gz	59387230	ftp.sra.ebi.ac.uk/vol1/run/ERR455/ERR4557438/Lib4_8_P_L2_R1_001_l7njQnLPMuKl.fastq.gz;ftp.sra.ebi.ac.uk/vol1/run/ERR455/ERR4557438/Lib4_8_P_L2_R2_001_PoqTewEVms1Q.fastq.gz
SAMEA7281197	PRJEB38643	ERR4557439	MOK24	ERS5041797	2020-09-02	2020-10-06	Illumina NovaSeq 6000	PAIRED	GENOMIC	ILLUMINA		WGS	fasp.sra.ebi.ac.uk:/vol1/fastq/ERR455/009/ERR4557439/ERR4557439_1.fastq.gz;fasp.sra.ebi.ac.uk:/vol1/fastq/ERR455/009/ERR4557439/ERR4557439_2.fastq.gz	1780770974;1814694259	86a8f11ab101a5fe7d3f9479f6c20536;533781e1a0a57c26b624645daac54501	ftp.sra.ebi.ac.uk/vol1/fastq/ERR455/009/ERR4557439/ERR4557439_1.fastq.gz;ftp.sra.ebi.ac.uk/vol1/fastq/ERR455/009/ERR4557439/ERR4557439_2.fastq.gz	117115218	ftp.sra.ebi.ac.uk/vol1/run/ERR455/ERR4557439/Lib3_14_P_L2_R1_001_IMk5hPdvwhRp.fastq.gz;ftp.sra.ebi.ac.uk/vol1/run/ERR455/ERR4557439/Lib3_14_P_L2_R2_001_C7ozvCp6Cqnp.fastq.gz
SAMEA7281191	PRJEB38643	ERR4557441	MOK18	ERS5041791	2020-09-02	2020-09-02	Illumina NovaSeq 6000	PAIRED	GENOMIC	ILLUMINA		WGS	fasp.sra.ebi.ac.uk:/vol1/fastq/ERR455/001/ERR4557441/ERR4557441_1.fastq.gz;fasp.sra.ebi.ac.uk:/vol1/fastq/ERR455/001/ERR4557441/ERR4557441_2.fastq.gz	7284448883;7493082473	49fb0654dfe94bbf07cf35768594f405;fb0610d80611d69b0f4d50d4268cce7d	ftp.sra.ebi.ac.uk/vol1/fastq/ERR455/001/ERR4557441/ERR4557441_1.fastq.gz;ftp.sra.ebi.ac.uk/vol1/fastq/ERR455/001/ERR4557441/ERR4557441_2.fastq.gz	247179404	ftp.sra.ebi.ac.uk/vol1/run/ERR455/ERR4557441/Lib3_8_P_L1_R1_001_YUb8fnPHgcMB.fastq.gz;ftp.sra.ebi.ac.uk/vol1/run/ERR455/ERR4557441/Lib3_8_P_L1_R2_001_zWbn5qLIP5T0.fastq.gz
SAMEA7281206	PRJEB38643	ERR4557442	MOK33	ERS5041806	2020-09-02	2020-09-02	Illumina NovaSeq 6000	PAIRED	GENOMIC	ILLUMINA		WGS	fasp.sra.ebi.ac.uk:/vol1/fastq/ERR455/002/ERR4557442/ERR4557442_1.fastq.gz;fasp.sra.ebi.ac.uk:/vol1/fastq/ERR455/002/ERR4557442/ERR4557442_2.fastq.gz	1986260497;2052943351	fda7b70f26e95998c47e50f811c2073f;64ce39c5c4e8083b29fba11a81e5f15f	ftp.sra.ebi.ac.uk/vol1/fastq/ERR455/002/ERR4557442/ERR4557442_1.fastq.gz;ftp.sra.ebi.ac.uk/vol1/fastq/ERR455/002/ERR4557442/ERR4557442_2.fastq.gz	67763252	ftp.sra.ebi.ac.uk/vol1/run/ERR455/ERR4557442/Lib4_9_P_L1_R1_001_Pp4jetXlZzCN.fastq.gz;ftp.sra.ebi.ac.uk/vol1/run/ERR455/ERR4557442/Lib4_9_P_L1_R2_001_CB0YPDQiafre.fastq.gz
SAMEA7281183	PRJEB38643	ERR4557443	MOK9	ERS5041783	2020-09-02	2020-09-02	Illumina NovaSeq 6000	PAIRED	GENOMIC	ILLUMINA		WGS	fasp.sra.ebi.ac.uk:/vol1/fastq/ERR455/003/ERR4557443/ERR4557443_1.fastq.gz;fasp.sra.ebi.ac.uk:/vol1/fastq/ERR455/003/ERR4557443/ERR4557443_2.fastq.gz	2256931846;2332701842	7b671aa58032a826cd7fd55a17664898;099d8ffbe2c2b2f46347349721a0f6c9	ftp.sra.ebi.ac.uk/vol1/fastq/ERR455/003/ERR4557443/ERR4557443_1.fastq.gz;ftp.sra.ebi.ac.uk/vol1/fastq/ERR455/003/ERR4557443/ERR4557443_2.fastq.gz	75476120	ftp.sra.ebi.ac.uk/vol1/run/ERR455/ERR4557443/Lib3_1_P_L1_R1_001_JNj3FO0OubXy.fastq.gz;ftp.sra.ebi.ac.uk/vol1/run/ERR455/ERR4557443/Lib3_1_P_L1_R2_001_apYKd4iidFxG.fastq.gz
SAMEA7281183	PRJEB38643	ERR4557451	MOK9	ERS5041783	2020-09-02	2020-09-02	Illumina NovaSeq 6000	PAIRED	GENOMIC	ILLUMINA		WGS	fasp.sra.ebi.ac.uk:/vol1/fastq/ERR455/001/ERR4557451/ERR4557451_1.fastq.gz;fasp.sra.ebi.ac.uk:/vol1/fastq/ERR455/001/ERR4557451/ERR4557451_2.fastq.gz	2258279403;2337096970	67edeb2e236daea9c736b79353ad23e7;ff720be8f7d1876f42ac4bd434018531	ftp.sra.ebi.ac.uk/vol1/fastq/ERR455/001/ERR4557451/ERR4557451_1.fastq.gz;ftp.sra.ebi.ac.uk/vol1/fastq/ERR455/001/ERR4557451/ERR4557451_2.fastq.gz	75583264	ftp.sra.ebi.ac.uk/vol1/run/ERR455/ERR4557451/Lib3_1_P_L2_R1_001_xsszxZvyvpnJ.fastq.gz;ftp.sra.ebi.ac.uk/vol1/run/ERR455/ERR4557451/Lib3_1_P_L2_R2_001_nh0YjyVhx0mf.fastq.gz
SAMEA7281206	PRJEB38643	ERR4557461	MOK33	ERS5041806	2020-09-02	2020-09-02	Illumina NovaSeq 6000	PAIRED	GENOMIC	ILLUMINA		WGS	fasp.sra.ebi.ac.uk:/vol1/fastq/ERR455/001/ERR4557461/ERR4557461_1.fastq.gz;fasp.sra.ebi.ac.uk:/vol1/fastq/ERR455/001/ERR4557461/ERR4557461_2.fastq.gz	1972107189;2036929408	8098e3e00f53dcae8cb003fd31f60b52;932b8f6f81afbddaf27acd7bcda5b747	ftp.sra.ebi.ac.uk/vol1/fastq/ERR455/001/ERR4557461/ERR4557461_1.fastq.gz;ftp.sra.ebi.ac.uk/vol1/fastq/ERR455/001/ERR4557461/ERR4557461_2.fastq.gz	67009671	ftp.sra.ebi.ac.uk/vol1/run/ERR455/ERR4557461/Lib4_9_P_L2_R1_001_VtpvniAB3ei4.fastq.gz;ftp.sra.ebi.ac.uk/vol1/run/ERR455/ERR4557461/Lib4_9_P_L2_R2_001_sHnccmvU6PDg.fastq.gz
SAMEA7281191	PRJEB38643	ERR4557472	MOK18	ERS5041791	2020-09-02	2020-09-02	Illumina NovaSeq 6000	PAIRED	GENOMIC	ILLUMINA		WGS	fasp.sra.ebi.ac.uk:/vol1/fastq/ERR455/002/ERR4557472/ERR4557472_1.fastq.gz;fasp.sra.ebi.ac.uk:/vol1/fastq/ERR455/002/ERR4557472/ERR4557472_2.fastq.gz	7282091767;7499252399	d5f816599022eb5981eff81a503da602;83780f38e80c4c2f5e0a56b30c1cf387	ftp.sra.ebi.ac.uk/vol1/fastq/ERR455/002/ERR4557472/ERR4557472_1.fastq.gz;ftp.sra.ebi.ac.uk/vol1/fastq/ERR455/002/ERR4557472/ERR4557472_2.fastq.gz	247187868	ftp.sra.ebi.ac.uk/vol1/run/ERR455/ERR4557472/Lib3_8_P_L2_R1_001_O6KnZArhasxc.fastq.gz;ftp.sra.ebi.ac.uk/vol1/run/ERR455/ERR4557472/Lib3_8_P_L2_R2_001_nJJkU73iZMCK.fastq.gz
SAMEA7281192	PRJEB38643	ERR4557473	MOK19	ERS5041792	2020-09-02	2020-09-02	Illumina NovaSeq 6000	PAIRED	GENOMIC	ILLUMINA		WGS	fasp.sra.ebi.ac.uk:/vol1/fastq/ERR455/003/ERR4557473/ERR4557473_1.fastq.gz;fasp.sra.ebi.ac.uk:/vol1/fastq/ERR455/003/ERR4557473/ERR4557473_2.fastq.gz	1416326412;1458904515	f6e983e02863acbee4011a53c245cc16;0dd574e0b778f9b943b2a1757f05d276	ftp.sra.ebi.ac.uk/vol1/fastq/ERR455/003/ERR4557473/ERR4557473_1.fastq.gz;ftp.sra.ebi.ac.uk/vol1/fastq/ERR455/003/ERR4557473/ERR4557473_2.fastq.gz	47295770	ftp.sra.ebi.ac.uk/vol1/run/ERR455/ERR4557473/Lib3_9_P_L1_R1_001_pNIvmFAfkIYb.fastq.gz;ftp.sra.ebi.ac.uk/vol1/run/ERR455/ERR4557473/Lib3_9_P_L1_R2_001_5u02R0nwPZFh.fastq.gz
SAMEA7281185	PRJEB38643	ERR4557519	MOK12	ERS5041785	2020-09-02	2020-09-02	Illumina NovaSeq 6000	PAIRED	GENOMIC	ILLUMINA		WGS	fasp.sra.ebi.ac.uk:/vol1/fastq/ERR455/009/ERR4557519/ERR4557519_1.fastq.gz;fasp.sra.ebi.ac.uk:/vol1/fastq/ERR455/009/ERR4557519/ERR4557519_2.fastq.gz	2652155495;2749839027	ee2bad6ef13ed2b5201de9785c3dc1d1;09c4846ecd9240f1402651ed2458afee	ftp.sra.ebi.ac.uk/vol1/fastq/ERR455/009/ERR4557519/ERR4557519_1.fastq.gz;ftp.sra.ebi.ac.uk/vol1/fastq/ERR455/009/ERR4557519/ERR4557519_2.fastq.gz	90844461	ftp.sra.ebi.ac.uk/vol1/run/ERR455/ERR4557519/Lib3_2_P_L1_R1_001_p5D8mT8WaKXH.fastq.gz;ftp.sra.ebi.ac.uk/vol1/run/ERR455/ERR4557519/Lib3_2_P_L1_R2_001_Lm28ierN8492.fastq.gz
SAMEA7281192	PRJEB38643	ERR4557520	MOK19	ERS5041792	2020-09-02	2020-09-02	Illumina NovaSeq 6000	PAIRED	GENOMIC	ILLUMINA		WGS	fasp.sra.ebi.ac.uk:/vol1/fastq/ERR455/000/ERR4557520/ERR4557520_1.fastq.gz;fasp.sra.ebi.ac.uk:/vol1/fastq/ERR455/000/ERR4557520/ERR4557520_2.fastq.gz	1420972219;1464747390	4197617b26ead7a81cbf008f38b21c3c;3b2ff3f1d9980684159f500fb7ba1efe	ftp.sra.ebi.ac.uk/vol1/fastq/ERR455/000/ERR4557520/ERR4557520_1.fastq.gz;ftp.sra.ebi.ac.uk/vol1/fastq/ERR455/000/ERR4557520/ERR4557520_2.fastq.gz	47490600	ftp.sra.ebi.ac.uk/vol1/run/ERR455/ERR4557520/Lib3_9_P_L2_R1_001_N7A0eaLYr0JX.fastq.gz;ftp.sra.ebi.ac.uk/vol1/run/ERR455/ERR4557520/Lib3_9_P_L2_R2_001_gXXArswjqt5J.fastq.gz
SAMEA7281184	PRJEB38643	ERR4557582	MOK10	ERS5041784	2020-09-02	2021-10-22	Illumina NovaSeq 6000	SINGLE	GENOMIC	ILLUMINA		WGS	fasp.sra.ebi.ac.uk:/vol1/fastq/ERR455/002/ERR4557582/ERR4557582.fastq.gz	1958335878	4169a58bb85d65621e17524242946a0f	ftp.sra.ebi.ac.uk/vol1/fastq/ERR455/002/ERR4557582/ERR4557582.fastq.gz	52671942	ftp.sra.ebi.ac.uk/vol1/run/ERR455/ERR4557582/MOK10B.hg19.sort.merged.MkDup.realg.bam;ftp.sra.ebi.ac.uk/vol1/run/ERR455/ERR4557582/MOK10B.hg19.sort.merged.MkDup.realg.bam.bai
SAMEA7281185	PRJEB38643	ERR4557583	MOK12	ERS5041785	2020-09-02	2021-10-22	Illumina NovaSeq 6000	SINGLE	GENOMIC	ILLUMINA		WGS	fasp.sra.ebi.ac.uk:/vol1/fastq/ERR455/003/ERR4557583/ERR4557583.fastq.gz	1353852746	858b82dc9677bb27addb731e936e69cb	ftp.sra.ebi.ac.uk/vol1/fastq/ERR455/003/ERR4557583/ERR4557583.fastq.gz	38341394	ftp.sra.ebi.ac.uk/vol1/run/ERR455/ERR4557583/MOK12.hg19.sort.merged.MkDup.realg.bam;ftp.sra.ebi.ac.uk/vol1/run/ERR455/ERR4557583/MOK12.hg19.sort.merged.MkDup.realg.bam.bai
SAMEA7281186	PRJEB38643	ERR4557584	MOK13	ERS5041786	2020-09-02	2021-10-22	Illumina NovaSeq 6000	SINGLE	GENOMIC	ILLUMINA		WGS	fasp.sra.ebi.ac.uk:/vol1/fastq/ERR455/004/ERR4557584/ERR4557584.fastq.gz	2338027122	7f24ff6276af75c27e66d928937f55f1	ftp.sra.ebi.ac.uk/vol1/fastq/ERR455/004/ERR4557584/ERR4557584.fastq.gz	65495504	ftp.sra.ebi.ac.uk/vol1/run/ERR455/ERR4557584/MOK13.hg19.sort.merged.MkDup.realg.bam;ftp.sra.ebi.ac.uk/vol1/run/ERR455/ERR4557584/MOK13.hg19.sort.merged.MkDup.realg.bam.bai
SAMEA7281187	PRJEB38643	ERR4557586	MOK14	ERS5041787	2020-09-02	2021-10-22	Illumina NovaSeq 6000	SINGLE	GENOMIC	ILLUMINA		WGS	fasp.sra.ebi.ac.uk:/vol1/fastq/ERR455/006/ERR4557586/ERR4557586.fastq.gz	1676620287	3c74cb44b3b06a236d4e7d969240d2f1	ftp.sra.ebi.ac.uk/vol1/fastq/ERR455/006/ERR4557586/ERR4557586.fastq.gz	44000600	ftp.sra.ebi.ac.uk/vol1/run/ERR455/ERR4557586/MOK14.hg19.sort.merged.MkDup.realg.bam;ftp.sra.ebi.ac.uk/vol1/run/ERR455/ERR4557586/MOK14.hg19.sort.merged.MkDup.realg.bam.bai
SAMEA7281188	PRJEB38643	ERR4557588	MOK15	ERS5041788	2020-09-02	2021-10-22	Illumina NovaSeq 6000	SINGLE	GENOMIC	ILLUMINA		WGS	fasp.sra.ebi.ac.uk:/vol1/fastq/ERR455/008/ERR4557588/ERR4557588.fastq.gz	2479934994	d4d366a6bdde05a29f9d462588523703	ftp.sra.ebi.ac.uk/vol1/fastq/ERR455/008/ERR4557588/ERR4557588.fastq.gz	67037860	ftp.sra.ebi.ac.uk/vol1/run/ERR455/ERR4557588/MOK15.hg19.sort.merged.MkDup.realg.bam;ftp.sra.ebi.ac.uk/vol1/run/ERR455/ERR4557588/MOK15.hg19.sort.merged.MkDup.realg.bam.bai
SAMEA7281189	PRJEB38643	ERR4557589	MOK16	ERS5041789	2020-09-02	2021-10-22	Illumina NovaSeq 6000	SINGLE	GENOMIC	ILLUMINA		WGS	fasp.sra.ebi.ac.uk:/vol1/fastq/ERR455/009/ERR4557589/ERR4557589.fastq.gz	2566201334	0b97bc4d437404fa7a938c7792249ce6	ftp.sra.ebi.ac.uk/vol1/fastq/ERR455/009/ERR4557589/ERR4557589.fastq.gz	70561313	ftp.sra.ebi.ac.uk/vol1/run/ERR455/ERR4557589/MOK16A.hg19.sort.merged.MkDup.realg.bam;ftp.sra.ebi.ac.uk/vol1/run/ERR455/ERR4557589/MOK16A.hg19.sort.merged.MkDup.realg.bam.bai
SAMEA7281190	PRJEB38643	ERR4557590	MOK17	ERS5041790	2020-09-02	2021-10-22	Illumina NovaSeq 6000	SINGLE	GENOMIC	ILLUMINA		WGS	fasp.sra.ebi.ac.uk:/vol1/fastq/ERR455/000/ERR4557590/ERR4557590.fastq.gz	1367350476	701340f02eca9e7ca2335c98b7bb7257	ftp.sra.ebi.ac.uk/vol1/fastq/ERR455/000/ERR4557590/ERR4557590.fastq.gz	36249120	ftp.sra.ebi.ac.uk/vol1/run/ERR455/ERR4557590/MOK17A.hg19.sort.merged.MkDup.realg.bam;ftp.sra.ebi.ac.uk/vol1/run/ERR455/ERR4557590/MOK17A.hg19.sort.merged.MkDup.realg.bam.bai
SAMEA7281191	PRJEB38643	ERR4557591	MOK18	ERS5041791	2020-09-02	2021-10-22	Illumina NovaSeq 6000	SINGLE	GENOMIC	ILLUMINA		WGS	fasp.sra.ebi.ac.uk:/vol1/fastq/ERR455/001/ERR4557591/ERR4557591.fastq.gz	764220636	ce638928c2647194d54417a25503fae2	ftp.sra.ebi.ac.uk/vol1/fastq/ERR455/001/ERR4557591/ERR4557591.fastq.gz	21673268	ftp.sra.ebi.ac.uk/vol1/run/ERR455/ERR4557591/MOK18A.hg19.sort.merged.MkDup.realg.bam;ftp.sra.ebi.ac.uk/vol1/run/ERR455/ERR4557591/MOK18A.hg19.sort.merged.MkDup.realg.bam.bai
SAMEA7281192	PRJEB38643	ERR4557592	MOK19	ERS5041792	2020-09-02	2021-10-22	Illumina NovaSeq 6000	SINGLE	GENOMIC	ILLUMINA		WGS	fasp.sra.ebi.ac.uk:/vol1/fastq/ERR455/002/ERR4557592/ERR4557592.fastq.gz	1685986892	896bf6641557e51b285ef5787dd00d99	ftp.sra.ebi.ac.uk/vol1/fastq/ERR455/002/ERR4557592/ERR4557592.fastq.gz	44703414	ftp.sra.ebi.ac.uk/vol1/run/ERR455/ERR4557592/MOK19A.hg19.sort.merged.MkDup.realg.bam;ftp.sra.ebi.ac.uk/vol1/run/ERR455/ERR4557592/MOK19A.hg19.sort.merged.MkDup.realg.bam.bai
SAMEA7281193	PRJEB38643	ERR4557593	MOK20	ERS5041793	2020-09-02	2021-10-22	Illumina NovaSeq 6000	SINGLE	GENOMIC	ILLUMINA		WGS	fasp.sra.ebi.ac.uk:/vol1/fastq/ERR455/003/ERR4557593/ERR4557593.fastq.gz	1408341981	9536763fcbd99f96b03799a1d27b4d14	ftp.sra.ebi.ac.uk/vol1/fastq/ERR455/003/ERR4557593/ERR4557593.fastq.gz	37866457	ftp.sra.ebi.ac.uk/vol1/run/ERR455/ERR4557593/MOK20.hg19.sort.merged.MkDup.realg.bam;ftp.sra.ebi.ac.uk/vol1/run/ERR455/ERR4557593/MOK20.hg19.sort.merged.MkDup.realg.bam.bai
SAMEA7281194	PRJEB38643	ERR4557595	MOK21	ERS5041794	2020-09-02	2021-10-22	Illumina NovaSeq 6000	SINGLE	GENOMIC	ILLUMINA		WGS	fasp.sra.ebi.ac.uk:/vol1/fastq/ERR455/005/ERR4557595/ERR4557595.fastq.gz	889253611	81369c266589839e50d0c68390e85e64	ftp.sra.ebi.ac.uk/vol1/fastq/ERR455/005/ERR4557595/ERR4557595.fastq.gz	24805580	ftp.sra.ebi.ac.uk/vol1/run/ERR455/ERR4557595/MOK21A.hg19.sort.merged.MkDup.realg.bam;ftp.sra.ebi.ac.uk/vol1/run/ERR455/ERR4557595/MOK21A.hg19.sort.merged.MkDup.realg.bam.bai
SAMEA7281195	PRJEB38643	ERR4557596	MOK22	ERS5041795	2020-09-02	2021-10-22	Illumina NovaSeq 6000	SINGLE	GENOMIC	ILLUMINA		WGS	fasp.sra.ebi.ac.uk:/vol1/fastq/ERR455/006/ERR4557596/ERR4557596.fastq.gz	1631831464	f6454e760a93c73e869ca75c7e940b3d	ftp.sra.ebi.ac.uk/vol1/fastq/ERR455/006/ERR4557596/ERR4557596.fastq.gz	41248098	ftp.sra.ebi.ac.uk/vol1/run/ERR455/ERR4557596/MOK22.hg19.sort.merged.MkDup.realg.bam;ftp.sra.ebi.ac.uk/vol1/run/ERR455/ERR4557596/MOK22.hg19.sort.merged.MkDup.realg.bam.bai
SAMEA7281196	PRJEB38643	ERR4557597	MOK23	ERS5041796	2020-09-02	2021-10-22	Illumina NovaSeq 6000	SINGLE	GENOMIC	ILLUMINA		WGS	fasp.sra.ebi.ac.uk:/vol1/fastq/ERR455/007/ERR4557597/ERR4557597.fastq.gz	1797453305	2bca03db5a030da8afa5512b200643c3	ftp.sra.ebi.ac.uk/vol1/fastq/ERR455/007/ERR4557597/ERR4557597.fastq.gz	47023166	ftp.sra.ebi.ac.uk/vol1/run/ERR455/ERR4557597/MOK23.hg19.sort.merged.MkDup.realg.bam;ftp.sra.ebi.ac.uk/vol1/run/ERR455/ERR4557597/MOK23.hg19.sort.merged.MkDup.realg.bam.bai
SAMEA7281197	PRJEB38643	ERR4557598	MOK24	ERS5041797	2020-09-02	2021-10-22	Illumina NovaSeq 6000	SINGLE	GENOMIC	ILLUMINA		WGS	fasp.sra.ebi.ac.uk:/vol1/fastq/ERR455/008/ERR4557598/ERR4557598.fastq.gz	1977330028	24092af4f7281d49c0de0f8f0eb47713	ftp.sra.ebi.ac.uk/vol1/fastq/ERR455/008/ERR4557598/ERR4557598.fastq.gz	52310197	ftp.sra.ebi.ac.uk/vol1/run/ERR455/ERR4557598/MOK24A.hg19.sort.merged.MkDup.realg.bam;ftp.sra.ebi.ac.uk/vol1/run/ERR455/ERR4557598/MOK24A.hg19.sort.merged.MkDup.realg.bam.bai
SAMEA7281185	PRJEB38643	ERR4557599	MOK12	ERS5041785	2020-09-02	2020-09-02	Illumina NovaSeq 6000	PAIRED	GENOMIC	ILLUMINA		WGS	fasp.sra.ebi.ac.uk:/vol1/fastq/ERR455/009/ERR4557599/ERR4557599_1.fastq.gz;fasp.sra.ebi.ac.uk:/vol1/fastq/ERR455/009/ERR4557599/ERR4557599_2.fastq.gz	2661714227;2763247899	7894679b2a87576cbdfe59f0a3ab3e69;2bf3346c77dba25b1fbcd601cc8ce3aa	ftp.sra.ebi.ac.uk/vol1/fastq/ERR455/009/ERR4557599/ERR4557599_1.fastq.gz;ftp.sra.ebi.ac.uk/vol1/fastq/ERR455/009/ERR4557599/ERR4557599_2.fastq.gz	91215655	ftp.sra.ebi.ac.uk/vol1/run/ERR455/ERR4557599/Lib3_2_P_L2_R1_001_FqhMbttNYFwg.fastq.gz;ftp.sra.ebi.ac.uk/vol1/run/ERR455/ERR4557599/Lib3_2_P_L2_R2_001_EdluQfvmSJeZ.fastq.gz
SAMEA7281198	PRJEB38643	ERR4557600	MOK25	ERS5041798	2020-09-02	2021-10-21	Illumina NovaSeq 6000	SINGLE	GENOMIC	ILLUMINA		WGS	fasp.sra.ebi.ac.uk:/vol1/fastq/ERR455/000/ERR4557600/ERR4557600.fastq.gz	2355403325	0b557275bc991212b74ae455da539b7d	ftp.sra.ebi.ac.uk/vol1/fastq/ERR455/000/ERR4557600/ERR4557600.fastq.gz	64061674	ftp.sra.ebi.ac.uk/vol1/run/ERR455/ERR4557600/MOK25A.hg19.sort.merged.MkDup.realg.bam;ftp.sra.ebi.ac.uk/vol1/run/ERR455/ERR4557600/MOK25A.hg19.sort.merged.MkDup.realg.bam.bai
SAMEA7281199	PRJEB38643	ERR4557602	MOK26	ERS5041799	2020-09-02	2021-10-22	Illumina NovaSeq 6000	SINGLE	GENOMIC	ILLUMINA		WGS	fasp.sra.ebi.ac.uk:/vol1/fastq/ERR455/002/ERR4557602/ERR4557602.fastq.gz	2090990391	a89168fa9f53ff399fa27f580baace3c	ftp.sra.ebi.ac.uk/vol1/fastq/ERR455/002/ERR4557602/ERR4557602.fastq.gz	55312402	ftp.sra.ebi.ac.uk/vol1/run/ERR455/ERR4557602/MOK26A.hg19.sort.merged.MkDup.realg.bam;ftp.sra.ebi.ac.uk/vol1/run/ERR455/ERR4557602/MOK26A.hg19.sort.merged.MkDup.realg.bam.bai
SAMEA7281200	PRJEB38643	ERR4557603	MOK27	ERS5041800	2020-09-02	2021-10-22	Illumina NovaSeq 6000	SINGLE	GENOMIC	ILLUMINA		WGS	fasp.sra.ebi.ac.uk:/vol1/fastq/ERR455/003/ERR4557603/ERR4557603.fastq.gz	1317732139	4814f5ac142d24f0f3d951d711be7ad7	ftp.sra.ebi.ac.uk/vol1/fastq/ERR455/003/ERR4557603/ERR4557603.fastq.gz	33798812	ftp.sra.ebi.ac.uk/vol1/run/ERR455/ERR4557603/MOK27.hg19.sort.merged.MkDup.realg.bam;ftp.sra.ebi.ac.uk/vol1/run/ERR455/ERR4557603/MOK27.hg19.sort.merged.MkDup.realg.bam.bai
SAMEA7281201	PRJEB38643	ERR4557604	MOK28	ERS5041801	2020-09-02	2021-10-22	Illumina NovaSeq 6000	SINGLE	GENOMIC	ILLUMINA		WGS	fasp.sra.ebi.ac.uk:/vol1/fastq/ERR455/004/ERR4557604/ERR4557604.fastq.gz	1972177657	312078d96e665486ff7a19844d13752f	ftp.sra.ebi.ac.uk/vol1/fastq/ERR455/004/ERR4557604/ERR4557604.fastq.gz	52123883	ftp.sra.ebi.ac.uk/vol1/run/ERR455/ERR4557604/MOK28A.hg19.sort.merged.MkDup.realg.bam;ftp.sra.ebi.ac.uk/vol1/run/ERR455/ERR4557604/MOK28A.hg19.sort.merged.MkDup.realg.bam.bai
SAMEA7281202	PRJEB38643	ERR4557606	MOK29	ERS5041802	2020-09-02	2021-10-22	Illumina NovaSeq 6000	SINGLE	GENOMIC	ILLUMINA		WGS	fasp.sra.ebi.ac.uk:/vol1/fastq/ERR455/006/ERR4557606/ERR4557606.fastq.gz	2866022539	4eec1a9601b1d5b130d123ef820a1bf1	ftp.sra.ebi.ac.uk/vol1/fastq/ERR455/006/ERR4557606/ERR4557606.fastq.gz	76556004	ftp.sra.ebi.ac.uk/vol1/run/ERR455/ERR4557606/MOK29A.hg19.sort.merged.MkDup.realg.bam;ftp.sra.ebi.ac.uk/vol1/run/ERR455/ERR4557606/MOK29A.hg19.sort.merged.MkDup.realg.bam.bai
SAMEA7281203	PRJEB38643	ERR4557607	MOK30	ERS5041803	2020-09-02	2021-10-22	Illumina NovaSeq 6000	SINGLE	GENOMIC	ILLUMINA		WGS	fasp.sra.ebi.ac.uk:/vol1/fastq/ERR455/007/ERR4557607/ERR4557607.fastq.gz	1748134579	cfb3118d2684cea648c04aef05846a56	ftp.sra.ebi.ac.uk/vol1/fastq/ERR455/007/ERR4557607/ERR4557607.fastq.gz	45546378	ftp.sra.ebi.ac.uk/vol1/run/ERR455/ERR4557607/MOK30.hg19.sort.merged.MkDup.realg.bam;ftp.sra.ebi.ac.uk/vol1/run/ERR455/ERR4557607/MOK30.hg19.sort.merged.MkDup.realg.bam.bai
SAMEA7281204	PRJEB38643	ERR4557608	MOK31	ERS5041804	2020-09-02	2021-10-22	Illumina NovaSeq 6000	SINGLE	GENOMIC	ILLUMINA		WGS	fasp.sra.ebi.ac.uk:/vol1/fastq/ERR455/008/ERR4557608/ERR4557608.fastq.gz	1772590209	c081cecf871b178be1bdb8423252923c	ftp.sra.ebi.ac.uk/vol1/fastq/ERR455/008/ERR4557608/ERR4557608.fastq.gz	47551833	ftp.sra.ebi.ac.uk/vol1/run/ERR455/ERR4557608/MOK31.hg19.sort.merged.MkDup.realg.bam;ftp.sra.ebi.ac.uk/vol1/run/ERR455/ERR4557608/MOK31.hg19.sort.merged.MkDup.realg.bam.bai
SAMEA7281205	PRJEB38643	ERR4557609	MOK32	ERS5041805	2020-09-02	2021-10-22	Illumina NovaSeq 6000	SINGLE	GENOMIC	ILLUMINA		WGS	fasp.sra.ebi.ac.uk:/vol1/fastq/ERR455/009/ERR4557609/ERR4557609.fastq.gz	1749958656	d596629a94c10e03b7144ae5120f7422	ftp.sra.ebi.ac.uk/vol1/fastq/ERR455/009/ERR4557609/ERR4557609.fastq.gz	45093871	ftp.sra.ebi.ac.uk/vol1/run/ERR455/ERR4557609/MOK32.hg19.sort.merged.MkDup.realg.bam;ftp.sra.ebi.ac.uk/vol1/run/ERR455/ERR4557609/MOK32.hg19.sort.merged.MkDup.realg.bam.bai
SAMEA7281206	PRJEB38643	ERR4557610	MOK33	ERS5041806	2020-09-02	2021-10-22	Illumina NovaSeq 6000	SINGLE	GENOMIC	ILLUMINA		WGS	fasp.sra.ebi.ac.uk:/vol1/fastq/ERR455/000/ERR4557610/ERR4557610.fastq.gz	1907009733	bb8c97dae7db07839b57e1dce8fc3171	ftp.sra.ebi.ac.uk/vol1/fastq/ERR455/000/ERR4557610/ERR4557610.fastq.gz	49216318	ftp.sra.ebi.ac.uk/vol1/run/ERR455/ERR4557610/MOK33.hg19.sort.merged.MkDup.realg.bam;ftp.sra.ebi.ac.uk/vol1/run/ERR455/ERR4557610/MOK33.hg19.sort.merged.MkDup.realg.bam.bai
SAMEA7281183	PRJEB38643	ERR4557611	MOK9	ERS5041783	2020-09-02	2021-10-22	Illumina NovaSeq 6000	SINGLE	GENOMIC	ILLUMINA		WGS	fasp.sra.ebi.ac.uk:/vol1/fastq/ERR455/001/ERR4557611/ERR4557611.fastq.gz	1903885224	94a2ab6966d0e642ae2b97e4e1af4d71	ftp.sra.ebi.ac.uk/vol1/fastq/ERR455/001/ERR4557611/ERR4557611.fastq.gz	50982121	ftp.sra.ebi.ac.uk/vol1/run/ERR455/ERR4557611/MOK9B.hg19.sort.merged.MkDup.realg.bam;ftp.sra.ebi.ac.uk/vol1/run/ERR455/ERR4557611/MOK9B.hg19.sort.merged.MkDup.realg.bam.bai
