"sample_accession"	"study_accession"	"run_accession"	"sample_alias"	"Poseidon_ID"	"UDG"	"Library_Built"	"secondary_sample_accession"	"first_public"	"last_updated"	"instrument_model"	"library_layout"	"library_source"	"instrument_platform"	"library_name"	"library_strategy"	"fastq_aspera"	"fastq_bytes"	"fastq_md5"	"fastq_ftp"	"read_count"	"submitted_ftp"
"SAMEA6451974"	"PRJEB35980"	"ERR3800829"	"I10364"	"I10364"	"half"	"ds"	"ERS4217529"	2020-02-24	2020-01-09	"NextSeq 500"	"PAIRED"	"GENOMIC"	"ILLUMINA"	"unspecified"	"Targeted-Capture"					9083596	"ftp.sra.ebi.ac.uk/vol1/run/ERR380/ERR3800829/I10364.hg19.bam"
"SAMEA6451974"	"PRJEB35980"	"ERR3800830"	"I10364"	"I10364"	"half"	"ds"	"ERS4217529"	2020-02-24	2020-01-09	"NextSeq 500"	"SINGLE"	"GENOMIC"	"ILLUMINA"	"unspecified"	"Targeted-Capture"	"fasp.sra.ebi.ac.uk:/vol1/fastq/ERR380/000/ERR3800830/ERR3800830.fastq.gz"	2006394	"cac2a228fd3e4d920c55069157960b8b"	"ftp.sra.ebi.ac.uk/vol1/fastq/ERR380/000/ERR3800830/ERR3800830.fastq.gz"	94635	"ftp.sra.ebi.ac.uk/vol1/run/ERR380/ERR3800830/I10364.rsrs.bam"
"SAMEA6452006"	"PRJEB35980"	"ERR3800831"	"I10365"	"I10365_published"	"half"	"ds"	"ERS4217561"	2020-02-24	2020-01-09	"NextSeq 500"	"PAIRED"	"GENOMIC"	"ILLUMINA"	"unspecified"	"Targeted-Capture"					8761760	"ftp.sra.ebi.ac.uk/vol1/run/ERR380/ERR3800831/I10365.hg19.bam"
"SAMEA6452006"	"PRJEB35980"	"ERR3800832"	"I10365"	"I10365_published"	"half"	"ds"	"ERS4217561"	2020-02-24	2020-01-09	"NextSeq 500"	"SINGLE"	"GENOMIC"	"ILLUMINA"	"unspecified"	"Targeted-Capture"	"fasp.sra.ebi.ac.uk:/vol1/fastq/ERR380/002/ERR3800832/ERR3800832.fastq.gz"	2723545	"b5f1d65ca477bdf905724e0379288aef"	"ftp.sra.ebi.ac.uk/vol1/fastq/ERR380/002/ERR3800832/ERR3800832.fastq.gz"	140081	"ftp.sra.ebi.ac.uk/vol1/run/ERR380/ERR3800832/I10365.rsrs.bam"
"SAMEA6452007"	"PRJEB35980"	"ERR3800833"	"I10366"	"I10366"	"half"	"ds"	"ERS4217562"	2020-02-24	2020-01-09	"NextSeq 500"	"PAIRED"	"GENOMIC"	"ILLUMINA"	"unspecified"	"Targeted-Capture"					13223454	"ftp.sra.ebi.ac.uk/vol1/run/ERR380/ERR3800833/I10366.hg19.bam"
"SAMEA6452007"	"PRJEB35980"	"ERR3800834"	"I10366"	"I10366"	"half"	"ds"	"ERS4217562"	2020-02-24	2020-01-09	"NextSeq 500"	"SINGLE"	"GENOMIC"	"ILLUMINA"	"unspecified"	"Targeted-Capture"	"fasp.sra.ebi.ac.uk:/vol1/fastq/ERR380/004/ERR3800834/ERR3800834.fastq.gz"	3971854	"af50cd9273d6b11a1f65020042ae0d9b"	"ftp.sra.ebi.ac.uk/vol1/fastq/ERR380/004/ERR3800834/ERR3800834.fastq.gz"	184191	"ftp.sra.ebi.ac.uk/vol1/run/ERR380/ERR3800834/I10366.rsrs.bam"
"SAMEA6452025"	"PRJEB35980"	"ERR3800835"	"I10371"	"I10371"	"half"	"ds"	"ERS4217580"	2020-02-24	2020-01-09	"NextSeq 500"	"SINGLE"	"GENOMIC"	"ILLUMINA"	"unspecified"	"Targeted-Capture"	"fasp.sra.ebi.ac.uk:/vol1/fastq/ERR380/005/ERR3800835/ERR3800835.fastq.gz"	14415795	"c2bd67563a728665af141d300bca455d"	"ftp.sra.ebi.ac.uk/vol1/fastq/ERR380/005/ERR3800835/ERR3800835.fastq.gz"	548561	"ftp.sra.ebi.ac.uk/vol1/run/ERR380/ERR3800835/I10371.hg19.bam"
"SAMEA6452025"	"PRJEB35980"	"ERR3800836"	"I10371"	"I10371"	"half"	"ds"	"ERS4217580"	2020-02-24	2020-01-09	"NextSeq 500"	"SINGLE"	"GENOMIC"	"ILLUMINA"	"unspecified"	"Targeted-Capture"	"fasp.sra.ebi.ac.uk:/vol1/fastq/ERR380/006/ERR3800836/ERR3800836.fastq.gz"	56023	"7ab59168df78628e23ed4ccb33e4dd79"	"ftp.sra.ebi.ac.uk/vol1/fastq/ERR380/006/ERR3800836/ERR3800836.fastq.gz"	2567	"ftp.sra.ebi.ac.uk/vol1/run/ERR380/ERR3800836/I10371.rsrs.bam"
"SAMEA6452026"	"PRJEB35980"	"ERR3800837"	"I10372"	"I10372"	"half"	"ds"	"ERS4217581"	2020-02-24	2020-01-09	"NextSeq 500"	"SINGLE"	"GENOMIC"	"ILLUMINA"	"unspecified"	"Targeted-Capture"	"fasp.sra.ebi.ac.uk:/vol1/fastq/ERR380/007/ERR3800837/ERR3800837.fastq.gz"	510571459	"d2cbcece67ea6a24882b03c4358cae5b"	"ftp.sra.ebi.ac.uk/vol1/fastq/ERR380/007/ERR3800837/ERR3800837.fastq.gz"	17302895	"ftp.sra.ebi.ac.uk/vol1/run/ERR380/ERR3800837/I10372.hg19.bam"
"SAMEA6452026"	"PRJEB35980"	"ERR3800838"	"I10372"	"I10372"	"half"	"ds"	"ERS4217581"	2020-02-24	2020-01-09	"NextSeq 500"	"SINGLE"	"GENOMIC"	"ILLUMINA"	"unspecified"	"Targeted-Capture"	"fasp.sra.ebi.ac.uk:/vol1/fastq/ERR380/008/ERR3800838/ERR3800838.fastq.gz"	5631521	"1b561d38e347d4170c1ffa1faa4151b5"	"ftp.sra.ebi.ac.uk/vol1/fastq/ERR380/008/ERR3800838/ERR3800838.fastq.gz"	289179	"ftp.sra.ebi.ac.uk/vol1/run/ERR380/ERR3800838/I10372.rsrs.bam"
"SAMEA6452028"	"PRJEB35980"	"ERR3800839"	"I10373"	"I10373"	"half"	"ds"	"ERS4217583"	2020-02-24	2020-01-09	"NextSeq 500"	"SINGLE"	"GENOMIC"	"ILLUMINA"	"unspecified"	"Targeted-Capture"	"fasp.sra.ebi.ac.uk:/vol1/fastq/ERR380/009/ERR3800839/ERR3800839.fastq.gz"	476327906	"f67e4b861711c03ee41f6fc9d24dc228"	"ftp.sra.ebi.ac.uk/vol1/fastq/ERR380/009/ERR3800839/ERR3800839.fastq.gz"	16982259	"ftp.sra.ebi.ac.uk/vol1/run/ERR380/ERR3800839/I10373.hg19.bam"
"SAMEA6452028"	"PRJEB35980"	"ERR3800840"	"I10373"	"I10373"	"half"	"ds"	"ERS4217583"	2020-02-24	2020-01-09	"NextSeq 500"	"SINGLE"	"GENOMIC"	"ILLUMINA"	"unspecified"	"Targeted-Capture"	"fasp.sra.ebi.ac.uk:/vol1/fastq/ERR380/000/ERR3800840/ERR3800840.fastq.gz"	4438088	"948d8d4419bad3a270f75d36c3cbe656"	"ftp.sra.ebi.ac.uk/vol1/fastq/ERR380/000/ERR3800840/ERR3800840.fastq.gz"	245170	"ftp.sra.ebi.ac.uk/vol1/run/ERR380/ERR3800840/I10373.rsrs.bam"
"SAMEA6451990"	"PRJEB35980"	"ERR3800841"	"I10502"	"I10502_published"	"half"	"ds"	"ERS4217545"	2020-02-24	2020-01-09	"HiSeq X Ten"	"SINGLE"	"GENOMIC"	"ILLUMINA"	"unspecified"	"Targeted-Capture"	"fasp.sra.ebi.ac.uk:/vol1/fastq/ERR380/001/ERR3800841/ERR3800841.fastq.gz"	9782430	"a91da09480bc0dbd11f7c7a10710c523"	"ftp.sra.ebi.ac.uk/vol1/fastq/ERR380/001/ERR3800841/ERR3800841.fastq.gz"	317846	"ftp.sra.ebi.ac.uk/vol1/run/ERR380/ERR3800841/I10502.hg19.bam"
"SAMEA6451990"	"PRJEB35980"	"ERR3800842"	"I10502"	"I10502_published"	"half"	"ds"	"ERS4217545"	2020-02-24	2020-01-09	"HiSeq X Ten"	"SINGLE"	"GENOMIC"	"ILLUMINA"	"unspecified"	"Targeted-Capture"	"fasp.sra.ebi.ac.uk:/vol1/fastq/ERR380/002/ERR3800842/ERR3800842.fastq.gz"	126748	"58b743a733641bc776775d19a66623b2"	"ftp.sra.ebi.ac.uk/vol1/fastq/ERR380/002/ERR3800842/ERR3800842.fastq.gz"	6220	"ftp.sra.ebi.ac.uk/vol1/run/ERR380/ERR3800842/I10502.rsrs.bam"
"SAMEA6451991"	"PRJEB35980"	"ERR3800843"	"I10552"	"I10552"	"half"	"ds"	"ERS4217546"	2020-02-24	2020-01-09	"NextSeq 500"	"SINGLE"	"GENOMIC"	"ILLUMINA"	"unspecified"	"Targeted-Capture"	"fasp.sra.ebi.ac.uk:/vol1/fastq/ERR380/003/ERR3800843/ERR3800843.fastq.gz"	480519827	"86af6684f359ba18b158fa0c969949f4"	"ftp.sra.ebi.ac.uk/vol1/fastq/ERR380/003/ERR3800843/ERR3800843.fastq.gz"	15326476	"ftp.sra.ebi.ac.uk/vol1/run/ERR380/ERR3800843/I10552.hg19.bam"
"SAMEA6451991"	"PRJEB35980"	"ERR3800844"	"I10552"	"I10552"	"half"	"ds"	"ERS4217546"	2020-02-24	2020-01-09	"NextSeq 500"	"SINGLE"	"GENOMIC"	"ILLUMINA"	"unspecified"	"Targeted-Capture"	"fasp.sra.ebi.ac.uk:/vol1/fastq/ERR380/004/ERR3800844/ERR3800844.fastq.gz"	4824424	"8c3b8fbc742c3b7f2bdd6c555a996dac"	"ftp.sra.ebi.ac.uk/vol1/fastq/ERR380/004/ERR3800844/ERR3800844.fastq.gz"	246104	"ftp.sra.ebi.ac.uk/vol1/run/ERR380/ERR3800844/I10552.rsrs.bam"
"SAMEA6451992"	"PRJEB35980"	"ERR3800845"	"I10553"	"I10553"	"half"	"ds"	"ERS4217547"	2020-02-24	2020-01-09	"NextSeq 500"	"SINGLE"	"GENOMIC"	"ILLUMINA"	"unspecified"	"Targeted-Capture"	"fasp.sra.ebi.ac.uk:/vol1/fastq/ERR380/005/ERR3800845/ERR3800845.fastq.gz"	479199817	"99fecd67b7c67007590bf9e1509031b4"	"ftp.sra.ebi.ac.uk/vol1/fastq/ERR380/005/ERR3800845/ERR3800845.fastq.gz"	15396049	"ftp.sra.ebi.ac.uk/vol1/run/ERR380/ERR3800845/I10553.hg19.bam"
"SAMEA6451992"	"PRJEB35980"	"ERR3800846"	"I10553"	"I10553"	"half"	"ds"	"ERS4217547"	2020-02-24	2020-01-09	"NextSeq 500"	"SINGLE"	"GENOMIC"	"ILLUMINA"	"unspecified"	"Targeted-Capture"	"fasp.sra.ebi.ac.uk:/vol1/fastq/ERR380/006/ERR3800846/ERR3800846.fastq.gz"	5404566	"6a8c9779f3beb12f3980ab02f0e437e8"	"ftp.sra.ebi.ac.uk/vol1/fastq/ERR380/006/ERR3800846/ERR3800846.fastq.gz"	274385	"ftp.sra.ebi.ac.uk/vol1/run/ERR380/ERR3800846/I10553.rsrs.bam"
"SAMEA6451993"	"PRJEB35980"	"ERR3800847"	"I10554"	"I10554"	"half"	"ds"	"ERS4217548"	2020-02-24	2020-01-09	"NextSeq 500"	"SINGLE"	"GENOMIC"	"ILLUMINA"	"unspecified"	"Targeted-Capture"	"fasp.sra.ebi.ac.uk:/vol1/fastq/ERR380/007/ERR3800847/ERR3800847.fastq.gz"	443111516	"68ee1c4d978bfd55dede5b6f98c73ed3"	"ftp.sra.ebi.ac.uk/vol1/fastq/ERR380/007/ERR3800847/ERR3800847.fastq.gz"	14319837	"ftp.sra.ebi.ac.uk/vol1/run/ERR380/ERR3800847/I10554.hg19.bam"
"SAMEA6451993"	"PRJEB35980"	"ERR3800848"	"I10554"	"I10554"	"half"	"ds"	"ERS4217548"	2020-02-24	2020-01-09	"NextSeq 500"	"SINGLE"	"GENOMIC"	"ILLUMINA"	"unspecified"	"Targeted-Capture"	"fasp.sra.ebi.ac.uk:/vol1/fastq/ERR380/008/ERR3800848/ERR3800848.fastq.gz"	4943073	"dc3ab8435e3192b5edff5cd6dc3f4710"	"ftp.sra.ebi.ac.uk/vol1/fastq/ERR380/008/ERR3800848/ERR3800848.fastq.gz"	250728	"ftp.sra.ebi.ac.uk/vol1/run/ERR380/ERR3800848/I10554.rsrs.bam"
"SAMEA6452014"	"PRJEB35980"	"ERR3800849"	"I11442"	"I11442"	"half"	"ds"	"ERS4217569"	2020-02-24	2020-01-09	"NextSeq 500"	"PAIRED"	"GENOMIC"	"ILLUMINA"	"unspecified"	"Targeted-Capture"					19195800	"ftp.sra.ebi.ac.uk/vol1/run/ERR380/ERR3800849/I11442.hg19.bam"
"SAMEA6452014"	"PRJEB35980"	"ERR3800850"	"I11442"	"I11442"	"half"	"ds"	"ERS4217569"	2020-02-24	2020-01-09	"NextSeq 500"	"SINGLE"	"GENOMIC"	"ILLUMINA"	"unspecified"	"Targeted-Capture"	"fasp.sra.ebi.ac.uk:/vol1/fastq/ERR380/000/ERR3800850/ERR3800850.fastq.gz"	5878201	"4b9d2ee5b45678b9a1e3e8e58f03ff1a"	"ftp.sra.ebi.ac.uk/vol1/fastq/ERR380/000/ERR3800850/ERR3800850.fastq.gz"	252321	"ftp.sra.ebi.ac.uk/vol1/run/ERR380/ERR3800850/I11442.rsrs.bam"
"SAMEA6452010"	"PRJEB35980"	"ERR3800851"	"I11443"	"I11443"	"half"	"ds"	"ERS4217565"	2020-02-24	2020-01-09	"NextSeq 500"	"PAIRED"	"GENOMIC"	"ILLUMINA"	"unspecified"	"Targeted-Capture"					20627909	"ftp.sra.ebi.ac.uk/vol1/run/ERR380/ERR3800851/I11443.hg19.bam"
"SAMEA6452010"	"PRJEB35980"	"ERR3800852"	"I11443"	"I11443"	"half"	"ds"	"ERS4217565"	2020-02-24	2020-01-09	"NextSeq 500"	"SINGLE"	"GENOMIC"	"ILLUMINA"	"unspecified"	"Targeted-Capture"	"fasp.sra.ebi.ac.uk:/vol1/fastq/ERR380/002/ERR3800852/ERR3800852.fastq.gz"	4656480	"bea34ccf6f39ac94102baa8dd5aaf0f7"	"ftp.sra.ebi.ac.uk/vol1/fastq/ERR380/002/ERR3800852/ERR3800852.fastq.gz"	200463	"ftp.sra.ebi.ac.uk/vol1/run/ERR380/ERR3800852/I11443.rsrs.bam"
"SAMEA6451999"	"PRJEB35980"	"ERR3800853"	"I12220"	"#N/A"			"ERS4217554"	2020-02-24	2020-01-09	"HiSeq X Ten"	"SINGLE"	"GENOMIC"	"ILLUMINA"	"unspecified"	"Targeted-Capture"	"fasp.sra.ebi.ac.uk:/vol1/fastq/ERR380/003/ERR3800853/ERR3800853.fastq.gz"	65973524	"ab4cbdd026ba8b15da1750598d0d0ba0"	"ftp.sra.ebi.ac.uk/vol1/fastq/ERR380/003/ERR3800853/ERR3800853.fastq.gz"	1937841	"ftp.sra.ebi.ac.uk/vol1/run/ERR380/ERR3800853/I12220.hg19.bam"
"SAMEA6451999"	"PRJEB35980"	"ERR3800854"	"I12220"	"#N/A"			"ERS4217554"	2020-02-24	2020-01-09	"HiSeq X Ten"	"SINGLE"	"GENOMIC"	"ILLUMINA"	"unspecified"	"Targeted-Capture"	"fasp.sra.ebi.ac.uk:/vol1/fastq/ERR380/004/ERR3800854/ERR3800854.fastq.gz"	289228	"6289caacbbaaf755febff5f47274c205"	"ftp.sra.ebi.ac.uk/vol1/fastq/ERR380/004/ERR3800854/ERR3800854.fastq.gz"	14793	"ftp.sra.ebi.ac.uk/vol1/run/ERR380/ERR3800854/I12220.rsrs.bam"
"SAMEA6452000"	"PRJEB35980"	"ERR3800855"	"I12221"	"#N/A"			"ERS4217555"	2020-02-24	2020-01-09	"HiSeq X Ten"	"SINGLE"	"GENOMIC"	"ILLUMINA"	"unspecified"	"Targeted-Capture"	"fasp.sra.ebi.ac.uk:/vol1/fastq/ERR380/005/ERR3800855/ERR3800855.fastq.gz"	31746728	"cf0b149b6edd8afda48f23d2bc65c176"	"ftp.sra.ebi.ac.uk/vol1/fastq/ERR380/005/ERR3800855/ERR3800855.fastq.gz"	1002432	"ftp.sra.ebi.ac.uk/vol1/run/ERR380/ERR3800855/I12221.hg19.bam"
"SAMEA6452000"	"PRJEB35980"	"ERR3800856"	"I12221"	"#N/A"			"ERS4217555"	2020-02-24	2020-01-09	"HiSeq X Ten"	"SINGLE"	"GENOMIC"	"ILLUMINA"	"unspecified"	"Targeted-Capture"	"fasp.sra.ebi.ac.uk:/vol1/fastq/ERR380/006/ERR3800856/ERR3800856.fastq.gz"	183719	"f2217ac2d42bf5403319e7c27eee00a8"	"ftp.sra.ebi.ac.uk/vol1/fastq/ERR380/006/ERR3800856/ERR3800856.fastq.gz"	9434	"ftp.sra.ebi.ac.uk/vol1/run/ERR380/ERR3800856/I12221.rsrs.bam"
"SAMEA6451998"	"PRJEB35980"	"ERR3800857"	"I12223"	"I12223"	"half"	"ds"	"ERS4217553"	2020-02-24	2020-01-09	"HiSeq X Ten"	"SINGLE"	"GENOMIC"	"ILLUMINA"	"unspecified"	"Targeted-Capture"	"fasp.sra.ebi.ac.uk:/vol1/fastq/ERR380/007/ERR3800857/ERR3800857.fastq.gz"	17805902	"da7bf3ee8799cfc0c016f8cbb1dea780"	"ftp.sra.ebi.ac.uk/vol1/fastq/ERR380/007/ERR3800857/ERR3800857.fastq.gz"	666240	"ftp.sra.ebi.ac.uk/vol1/run/ERR380/ERR3800857/I12223.hg19.bam"
"SAMEA6451998"	"PRJEB35980"	"ERR3800858"	"I12223"	"I12223"	"half"	"ds"	"ERS4217553"	2020-02-24	2020-01-09	"HiSeq X Ten"	"SINGLE"	"GENOMIC"	"ILLUMINA"	"unspecified"	"Targeted-Capture"	"fasp.sra.ebi.ac.uk:/vol1/fastq/ERR380/008/ERR3800858/ERR3800858.fastq.gz"	865337	"e54ba901f70a601337e5bc966c836035"	"ftp.sra.ebi.ac.uk/vol1/fastq/ERR380/008/ERR3800858/ERR3800858.fastq.gz"	47260	"ftp.sra.ebi.ac.uk/vol1/run/ERR380/ERR3800858/I12223.rsrs.bam"
"SAMEA6452001"	"PRJEB35980"	"ERR3800859"	"I14675"	"I14675"	"half"	"ds"	"ERS4217556"	2020-02-24	2020-01-09	"NextSeq 500"	"SINGLE"	"GENOMIC"	"ILLUMINA"	"unspecified"	"Targeted-Capture"	"fasp.sra.ebi.ac.uk:/vol1/fastq/ERR380/009/ERR3800859/ERR3800859.fastq.gz"	429560177	"f26d52b853abf11f765d1bc39d0e8842"	"ftp.sra.ebi.ac.uk/vol1/fastq/ERR380/009/ERR3800859/ERR3800859.fastq.gz"	13810229	"ftp.sra.ebi.ac.uk/vol1/run/ERR380/ERR3800859/I14675.hg19.bam"
"SAMEA6452001"	"PRJEB35980"	"ERR3800860"	"I14675"	"I14675"	"half"	"ds"	"ERS4217556"	2020-02-24	2020-01-09	"NextSeq 500"	"SINGLE"	"GENOMIC"	"ILLUMINA"	"unspecified"	"Targeted-Capture"	"fasp.sra.ebi.ac.uk:/vol1/fastq/ERR380/000/ERR3800860/ERR3800860.fastq.gz"	1567288	"27ad50e9e5682a548c291dd8c9e2b008"	"ftp.sra.ebi.ac.uk/vol1/fastq/ERR380/000/ERR3800860/ERR3800860.fastq.gz"	75064	"ftp.sra.ebi.ac.uk/vol1/run/ERR380/ERR3800860/I14675.rsrs.bam"
"SAMEA6452002"	"PRJEB35980"	"ERR3800861"	"I14676"	"#N/A"			"ERS4217557"	2020-02-24	2020-01-09	"NextSeq 500"	"SINGLE"	"GENOMIC"	"ILLUMINA"	"unspecified"	"Targeted-Capture"	"fasp.sra.ebi.ac.uk:/vol1/fastq/ERR380/001/ERR3800861/ERR3800861.fastq.gz"	412811069	"98542acb3dbbd8c3551fc20be5ede213"	"ftp.sra.ebi.ac.uk/vol1/fastq/ERR380/001/ERR3800861/ERR3800861.fastq.gz"	13049704	"ftp.sra.ebi.ac.uk/vol1/run/ERR380/ERR3800861/I14676.hg19.bam"
"SAMEA6452002"	"PRJEB35980"	"ERR3800862"	"I14676"	"#N/A"			"ERS4217557"	2020-02-24	2020-01-09	"NextSeq 500"	"SINGLE"	"GENOMIC"	"ILLUMINA"	"unspecified"	"Targeted-Capture"	"fasp.sra.ebi.ac.uk:/vol1/fastq/ERR380/002/ERR3800862/ERR3800862.fastq.gz"	1685187	"2f6ee441f17ed4065b558de7a05cd209"	"ftp.sra.ebi.ac.uk/vol1/fastq/ERR380/002/ERR3800862/ERR3800862.fastq.gz"	80949	"ftp.sra.ebi.ac.uk/vol1/run/ERR380/ERR3800862/I14676.rsrs.bam"
"SAMEA6452003"	"PRJEB35980"	"ERR3800863"	"I14677"	"I14677"	"half"	"ds"	"ERS4217558"	2020-02-24	2020-01-09	"NextSeq 500"	"SINGLE"	"GENOMIC"	"ILLUMINA"	"unspecified"	"Targeted-Capture"	"fasp.sra.ebi.ac.uk:/vol1/fastq/ERR380/003/ERR3800863/ERR3800863.fastq.gz"	397972873	"9224cc8c8bdbccb15a12e6d4dce35616"	"ftp.sra.ebi.ac.uk/vol1/fastq/ERR380/003/ERR3800863/ERR3800863.fastq.gz"	12818844	"ftp.sra.ebi.ac.uk/vol1/run/ERR380/ERR3800863/I14677.hg19.bam"
"SAMEA6452003"	"PRJEB35980"	"ERR3800864"	"I14677"	"I14677"	"half"	"ds"	"ERS4217558"	2020-02-24	2020-01-09	"NextSeq 500"	"SINGLE"	"GENOMIC"	"ILLUMINA"	"unspecified"	"Targeted-Capture"	"fasp.sra.ebi.ac.uk:/vol1/fastq/ERR380/004/ERR3800864/ERR3800864.fastq.gz"	1238042	"4fdd1f46664e883a62751cbc682799e1"	"ftp.sra.ebi.ac.uk/vol1/fastq/ERR380/004/ERR3800864/ERR3800864.fastq.gz"	60272	"ftp.sra.ebi.ac.uk/vol1/run/ERR380/ERR3800864/I14677.rsrs.bam"
"SAMEA6452004"	"PRJEB35980"	"ERR3800865"	"I14678"	"I14678"	"half"	"ds"	"ERS4217559"	2020-02-24	2020-01-09	"NextSeq 500"	"SINGLE"	"GENOMIC"	"ILLUMINA"	"unspecified"	"Targeted-Capture"	"fasp.sra.ebi.ac.uk:/vol1/fastq/ERR380/005/ERR3800865/ERR3800865.fastq.gz"	455105126	"cd27e06b5b5452f905649b7344cefa5f"	"ftp.sra.ebi.ac.uk/vol1/fastq/ERR380/005/ERR3800865/ERR3800865.fastq.gz"	14900419	"ftp.sra.ebi.ac.uk/vol1/run/ERR380/ERR3800865/I14678.hg19.bam"
"SAMEA6452004"	"PRJEB35980"	"ERR3800866"	"I14678"	"I14678"	"half"	"ds"	"ERS4217559"	2020-02-24	2020-01-09	"NextSeq 500"	"SINGLE"	"GENOMIC"	"ILLUMINA"	"unspecified"	"Targeted-Capture"	"fasp.sra.ebi.ac.uk:/vol1/fastq/ERR380/006/ERR3800866/ERR3800866.fastq.gz"	1717840	"08c55982d01b11b64aebf2ca1ff72fa0"	"ftp.sra.ebi.ac.uk/vol1/fastq/ERR380/006/ERR3800866/ERR3800866.fastq.gz"	85889	"ftp.sra.ebi.ac.uk/vol1/run/ERR380/ERR3800866/I14678.rsrs.bam"
"SAMEA6451989"	"PRJEB35980"	"ERR3800867"	"I15939"	"I15939"	"half"	"ds"	"ERS4217544"	2020-02-24	2020-01-09	"HiSeq X Ten"	"SINGLE"	"GENOMIC"	"ILLUMINA"	"unspecified"	"Targeted-Capture"	"fasp.sra.ebi.ac.uk:/vol1/fastq/ERR380/007/ERR3800867/ERR3800867.fastq.gz"	24883908	"5111e995e9b4d3e4c1b8b3f86a7589f5"	"ftp.sra.ebi.ac.uk/vol1/fastq/ERR380/007/ERR3800867/ERR3800867.fastq.gz"	1050095	"ftp.sra.ebi.ac.uk/vol1/run/ERR380/ERR3800867/I15939.hg19.bam"
"SAMEA6451989"	"PRJEB35980"	"ERR3800868"	"I15939"	"I15939"	"half"	"ds"	"ERS4217544"	2020-02-24	2020-01-09	"HiSeq X Ten"	"SINGLE"	"GENOMIC"	"ILLUMINA"	"unspecified"	"Targeted-Capture"	"fasp.sra.ebi.ac.uk:/vol1/fastq/ERR380/008/ERR3800868/ERR3800868.fastq.gz"	28906	"84a38287beb73ad0a399c71f64c22664"	"ftp.sra.ebi.ac.uk/vol1/fastq/ERR380/008/ERR3800868/ERR3800868.fastq.gz"	1136	"ftp.sra.ebi.ac.uk/vol1/run/ERR380/ERR3800868/I15939.rsrs.bam"
"SAMEA6451980"	"PRJEB35980"	"ERR3800869"	"I15940"	"I15940"	"half"	"ds"	"ERS4217535"	2020-02-24	2020-01-09	"HiSeq X Ten"	"SINGLE"	"GENOMIC"	"ILLUMINA"	"unspecified"	"Targeted-Capture"	"fasp.sra.ebi.ac.uk:/vol1/fastq/ERR380/009/ERR3800869/ERR3800869.fastq.gz"	177235673	"dfa2968f6722018d4ae650b2725112c8"	"ftp.sra.ebi.ac.uk/vol1/fastq/ERR380/009/ERR3800869/ERR3800869.fastq.gz"	5915848	"ftp.sra.ebi.ac.uk/vol1/run/ERR380/ERR3800869/I15940.hg19.bam"
"SAMEA6451980"	"PRJEB35980"	"ERR3800870"	"I15940"	"I15940"	"half"	"ds"	"ERS4217535"	2020-02-24	2020-01-09	"HiSeq X Ten"	"SINGLE"	"GENOMIC"	"ILLUMINA"	"unspecified"	"Targeted-Capture"	"fasp.sra.ebi.ac.uk:/vol1/fastq/ERR380/000/ERR3800870/ERR3800870.fastq.gz"	652615	"ec4c5b3f49a7136ebdb1109b4a93ab7b"	"ftp.sra.ebi.ac.uk/vol1/fastq/ERR380/000/ERR3800870/ERR3800870.fastq.gz"	33916	"ftp.sra.ebi.ac.uk/vol1/run/ERR380/ERR3800870/I15940.rsrs.bam"
"SAMEA6451981"	"PRJEB35980"	"ERR3800871"	"I15941"	"I15941"	"half"	"ds"	"ERS4217536"	2020-02-24	2020-01-09	"HiSeq X Ten"	"SINGLE"	"GENOMIC"	"ILLUMINA"	"unspecified"	"Targeted-Capture"	"fasp.sra.ebi.ac.uk:/vol1/fastq/ERR380/001/ERR3800871/ERR3800871.fastq.gz"	303540322	"eef36f54fd88a2fef1aeed4ab85064fd"	"ftp.sra.ebi.ac.uk/vol1/fastq/ERR380/001/ERR3800871/ERR3800871.fastq.gz"	9716485	"ftp.sra.ebi.ac.uk/vol1/run/ERR380/ERR3800871/I15941.hg19.bam"
"SAMEA6451981"	"PRJEB35980"	"ERR3800872"	"I15941"	"I15941"	"half"	"ds"	"ERS4217536"	2020-02-24	2020-01-09	"HiSeq X Ten"	"SINGLE"	"GENOMIC"	"ILLUMINA"	"unspecified"	"Targeted-Capture"	"fasp.sra.ebi.ac.uk:/vol1/fastq/ERR380/002/ERR3800872/ERR3800872.fastq.gz"	1280954	"f205dc4698d8283c85f20e3c36f4a287"	"ftp.sra.ebi.ac.uk/vol1/fastq/ERR380/002/ERR3800872/ERR3800872.fastq.gz"	61255	"ftp.sra.ebi.ac.uk/vol1/run/ERR380/ERR3800872/I15941.rsrs.bam"
"SAMEA6451982"	"PRJEB35980"	"ERR3800873"	"I15942"	"I15942"	"half"	"ds"	"ERS4217537"	2020-02-24	2020-01-09	"HiSeq X Ten"	"SINGLE"	"GENOMIC"	"ILLUMINA"	"unspecified"	"Targeted-Capture"	"fasp.sra.ebi.ac.uk:/vol1/fastq/ERR380/003/ERR3800873/ERR3800873.fastq.gz"	180715408	"ed866db1914052045a619efb79faec65"	"ftp.sra.ebi.ac.uk/vol1/fastq/ERR380/003/ERR3800873/ERR3800873.fastq.gz"	5871985	"ftp.sra.ebi.ac.uk/vol1/run/ERR380/ERR3800873/I15942.hg19.bam"
"SAMEA6451982"	"PRJEB35980"	"ERR3800874"	"I15942"	"I15942"	"half"	"ds"	"ERS4217537"	2020-02-24	2020-01-09	"HiSeq X Ten"	"SINGLE"	"GENOMIC"	"ILLUMINA"	"unspecified"	"Targeted-Capture"	"fasp.sra.ebi.ac.uk:/vol1/fastq/ERR380/004/ERR3800874/ERR3800874.fastq.gz"	517575	"f8ccfd99dfbff1ef297ba962d14573ad"	"ftp.sra.ebi.ac.uk/vol1/fastq/ERR380/004/ERR3800874/ERR3800874.fastq.gz"	26290	"ftp.sra.ebi.ac.uk/vol1/run/ERR380/ERR3800874/I15942.rsrs.bam"
"SAMEA6451975"	"PRJEB35980"	"ERR3800875"	"I15943"	"I15943"	"half"	"ds"	"ERS4217530"	2020-02-24	2020-01-09	"HiSeq X Ten"	"SINGLE"	"GENOMIC"	"ILLUMINA"	"unspecified"	"Targeted-Capture"	"fasp.sra.ebi.ac.uk:/vol1/fastq/ERR380/005/ERR3800875/ERR3800875.fastq.gz"	42813486	"0c5c470aafd400c1651800a6fb545fe9"	"ftp.sra.ebi.ac.uk/vol1/fastq/ERR380/005/ERR3800875/ERR3800875.fastq.gz"	1587395	"ftp.sra.ebi.ac.uk/vol1/run/ERR380/ERR3800875/I15943.hg19.bam"
"SAMEA6451975"	"PRJEB35980"	"ERR3800876"	"I15943"	"I15943"	"half"	"ds"	"ERS4217530"	2020-02-24	2020-01-09	"HiSeq X Ten"	"SINGLE"	"GENOMIC"	"ILLUMINA"	"unspecified"	"Targeted-Capture"	"fasp.sra.ebi.ac.uk:/vol1/fastq/ERR380/006/ERR3800876/ERR3800876.fastq.gz"	92170	"0e88b8b34ad52ab9cad4ff2929dbb908"	"ftp.sra.ebi.ac.uk/vol1/fastq/ERR380/006/ERR3800876/ERR3800876.fastq.gz"	4388	"ftp.sra.ebi.ac.uk/vol1/run/ERR380/ERR3800876/I15943.rsrs.bam"
"SAMEA6451976"	"PRJEB35980"	"ERR3800877"	"I15944"	"#N/A"			"ERS4217531"	2020-02-24	2020-01-09	"HiSeq X Ten"	"SINGLE"	"GENOMIC"	"ILLUMINA"	"unspecified"	"Targeted-Capture"	"fasp.sra.ebi.ac.uk:/vol1/fastq/ERR380/007/ERR3800877/ERR3800877.fastq.gz"	46318448	"829276c80534029db63766c3528ce8c6"	"ftp.sra.ebi.ac.uk/vol1/fastq/ERR380/007/ERR3800877/ERR3800877.fastq.gz"	1760012	"ftp.sra.ebi.ac.uk/vol1/run/ERR380/ERR3800877/I15944.hg19.bam"
"SAMEA6451976"	"PRJEB35980"	"ERR3800878"	"I15944"	"#N/A"			"ERS4217531"	2020-02-24	2020-01-09	"HiSeq X Ten"	"SINGLE"	"GENOMIC"	"ILLUMINA"	"unspecified"	"Targeted-Capture"	"fasp.sra.ebi.ac.uk:/vol1/fastq/ERR380/008/ERR3800878/ERR3800878.fastq.gz"	102595	"0cdabd1425bec0c2a2498a7c9b78c26e"	"ftp.sra.ebi.ac.uk/vol1/fastq/ERR380/008/ERR3800878/ERR3800878.fastq.gz"	5012	"ftp.sra.ebi.ac.uk/vol1/run/ERR380/ERR3800878/I15944.rsrs.bam"
"SAMEA6451977"	"PRJEB35980"	"ERR3800879"	"I15945"	"I15945"	"half"	"ds"	"ERS4217532"	2020-02-24	2020-01-09	"HiSeq X Ten"	"SINGLE"	"GENOMIC"	"ILLUMINA"	"unspecified"	"Targeted-Capture"	"fasp.sra.ebi.ac.uk:/vol1/fastq/ERR380/009/ERR3800879/ERR3800879.fastq.gz"	71877416	"80f2c4fa2b81694cd2aeec3aed2b3a21"	"ftp.sra.ebi.ac.uk/vol1/fastq/ERR380/009/ERR3800879/ERR3800879.fastq.gz"	2678645	"ftp.sra.ebi.ac.uk/vol1/run/ERR380/ERR3800879/I15945.hg19.bam"
"SAMEA6451977"	"PRJEB35980"	"ERR3800880"	"I15945"	"I15945"	"half"	"ds"	"ERS4217532"	2020-02-24	2020-01-09	"HiSeq X Ten"	"SINGLE"	"GENOMIC"	"ILLUMINA"	"unspecified"	"Targeted-Capture"	"fasp.sra.ebi.ac.uk:/vol1/fastq/ERR380/000/ERR3800880/ERR3800880.fastq.gz"	151928	"a1262f55ab2c09949df6056ce9bb358d"	"ftp.sra.ebi.ac.uk/vol1/fastq/ERR380/000/ERR3800880/ERR3800880.fastq.gz"	7647	"ftp.sra.ebi.ac.uk/vol1/run/ERR380/ERR3800880/I15945.rsrs.bam"
"SAMEA6451978"	"PRJEB35980"	"ERR3800881"	"I15946"	"I15946"	"half"	"ds"	"ERS4217533"	2020-02-24	2020-01-09	"HiSeq X Ten"	"SINGLE"	"GENOMIC"	"ILLUMINA"	"unspecified"	"Targeted-Capture"	"fasp.sra.ebi.ac.uk:/vol1/fastq/ERR380/001/ERR3800881/ERR3800881.fastq.gz"	149898771	"d402e38fce26b5c363843fa03e834cb7"	"ftp.sra.ebi.ac.uk/vol1/fastq/ERR380/001/ERR3800881/ERR3800881.fastq.gz"	5305425	"ftp.sra.ebi.ac.uk/vol1/run/ERR380/ERR3800881/I15946.hg19.bam"
"SAMEA6451978"	"PRJEB35980"	"ERR3800882"	"I15946"	"I15946"	"half"	"ds"	"ERS4217533"	2020-02-24	2020-01-09	"HiSeq X Ten"	"SINGLE"	"GENOMIC"	"ILLUMINA"	"unspecified"	"Targeted-Capture"	"fasp.sra.ebi.ac.uk:/vol1/fastq/ERR380/002/ERR3800882/ERR3800882.fastq.gz"	584855	"17110c3a1c7937a7b0ba425a8429426c"	"ftp.sra.ebi.ac.uk/vol1/fastq/ERR380/002/ERR3800882/ERR3800882.fastq.gz"	31236	"ftp.sra.ebi.ac.uk/vol1/run/ERR380/ERR3800882/I15946.rsrs.bam"
"SAMEA6451979"	"PRJEB35980"	"ERR3800883"	"I15947"	"I15947"	"half"	"ds"	"ERS4217534"	2020-02-24	2020-01-09	"HiSeq X Ten"	"SINGLE"	"GENOMIC"	"ILLUMINA"	"unspecified"	"Targeted-Capture"	"fasp.sra.ebi.ac.uk:/vol1/fastq/ERR380/003/ERR3800883/ERR3800883.fastq.gz"	46939714	"ac8b5b5a30ad981b6bd131128c1a86a1"	"ftp.sra.ebi.ac.uk/vol1/fastq/ERR380/003/ERR3800883/ERR3800883.fastq.gz"	1722039	"ftp.sra.ebi.ac.uk/vol1/run/ERR380/ERR3800883/I15947.hg19.bam"
"SAMEA6451979"	"PRJEB35980"	"ERR3800884"	"I15947"	"I15947"	"half"	"ds"	"ERS4217534"	2020-02-24	2020-01-09	"HiSeq X Ten"	"SINGLE"	"GENOMIC"	"ILLUMINA"	"unspecified"	"Targeted-Capture"	"fasp.sra.ebi.ac.uk:/vol1/fastq/ERR380/004/ERR3800884/ERR3800884.fastq.gz"	96733	"05cae71c5b66c46049ba83612e403fbb"	"ftp.sra.ebi.ac.uk/vol1/fastq/ERR380/004/ERR3800884/ERR3800884.fastq.gz"	4566	"ftp.sra.ebi.ac.uk/vol1/run/ERR380/ERR3800884/I15947.rsrs.bam"
"SAMEA6451987"	"PRJEB35980"	"ERR3800885"	"I16161"	"I16161"	"half"	"ds"	"ERS4217542"	2020-02-24	2020-01-09	"HiSeq X Ten"	"SINGLE"	"GENOMIC"	"ILLUMINA"	"unspecified"	"Targeted-Capture"	"fasp.sra.ebi.ac.uk:/vol1/fastq/ERR380/005/ERR3800885/ERR3800885.fastq.gz"	293100179	"15626d4a2c5185f1b69a24c9c57accc6"	"ftp.sra.ebi.ac.uk/vol1/fastq/ERR380/005/ERR3800885/ERR3800885.fastq.gz"	9620753	"ftp.sra.ebi.ac.uk/vol1/run/ERR380/ERR3800885/I16161.hg19.bam"
"SAMEA6451987"	"PRJEB35980"	"ERR3800886"	"I16161"	"I16161"	"half"	"ds"	"ERS4217542"	2020-02-24	2020-01-09	"HiSeq X Ten"	"SINGLE"	"GENOMIC"	"ILLUMINA"	"unspecified"	"Targeted-Capture"	"fasp.sra.ebi.ac.uk:/vol1/fastq/ERR380/006/ERR3800886/ERR3800886.fastq.gz"	1799491	"ec048875e7795da32787055f6199f975"	"ftp.sra.ebi.ac.uk/vol1/fastq/ERR380/006/ERR3800886/ERR3800886.fastq.gz"	93733	"ftp.sra.ebi.ac.uk/vol1/run/ERR380/ERR3800886/I16161.rsrs.bam"
"SAMEA6451988"	"PRJEB35980"	"ERR3800887"	"I16163"	"I16163"	"half"	"ds"	"ERS4217543"	2020-02-24	2020-01-09	"HiSeq X Ten"	"SINGLE"	"GENOMIC"	"ILLUMINA"	"unspecified"	"Targeted-Capture"	"fasp.sra.ebi.ac.uk:/vol1/fastq/ERR380/007/ERR3800887/ERR3800887.fastq.gz"	194708129	"12b296f51e94b4534f4ff76bddcb7801"	"ftp.sra.ebi.ac.uk/vol1/fastq/ERR380/007/ERR3800887/ERR3800887.fastq.gz"	6507122	"ftp.sra.ebi.ac.uk/vol1/run/ERR380/ERR3800887/I16163.hg19.bam"
"SAMEA6451988"	"PRJEB35980"	"ERR3800888"	"I16163"	"I16163"	"half"	"ds"	"ERS4217543"	2020-02-24	2020-01-09	"HiSeq X Ten"	"SINGLE"	"GENOMIC"	"ILLUMINA"	"unspecified"	"Targeted-Capture"	"fasp.sra.ebi.ac.uk:/vol1/fastq/ERR380/008/ERR3800888/ERR3800888.fastq.gz"	917301	"511395018f4e1e301b4245af39a89ab5"	"ftp.sra.ebi.ac.uk/vol1/fastq/ERR380/008/ERR3800888/ERR3800888.fastq.gz"	47858	"ftp.sra.ebi.ac.uk/vol1/run/ERR380/ERR3800888/I16163.rsrs.bam"
"SAMEA6451995"	"PRJEB35980"	"ERR3800889"	"I16164"	"I16164"	"half"	"ds"	"ERS4217550"	2020-02-24	2020-01-09	"HiSeq X Ten"	"SINGLE"	"GENOMIC"	"ILLUMINA"	"unspecified"	"Targeted-Capture"	"fasp.sra.ebi.ac.uk:/vol1/fastq/ERR380/009/ERR3800889/ERR3800889.fastq.gz"	132015485	"7f8fdf18027d12a00e84d2533b939c05"	"ftp.sra.ebi.ac.uk/vol1/fastq/ERR380/009/ERR3800889/ERR3800889.fastq.gz"	4407333	"ftp.sra.ebi.ac.uk/vol1/run/ERR380/ERR3800889/I16164.hg19.bam"
"SAMEA6451995"	"PRJEB35980"	"ERR3800890"	"I16164"	"I16164"	"half"	"ds"	"ERS4217550"	2020-02-24	2020-01-09	"HiSeq X Ten"	"SINGLE"	"GENOMIC"	"ILLUMINA"	"unspecified"	"Targeted-Capture"	"fasp.sra.ebi.ac.uk:/vol1/fastq/ERR380/000/ERR3800890/ERR3800890.fastq.gz"	1071413	"df34c70b686c29cccc2644ab1d583a2c"	"ftp.sra.ebi.ac.uk/vol1/fastq/ERR380/000/ERR3800890/ERR3800890.fastq.gz"	55039	"ftp.sra.ebi.ac.uk/vol1/run/ERR380/ERR3800890/I16164.rsrs.bam"
"SAMEA6451996"	"PRJEB35980"	"ERR3800891"	"I16165"	"I16165"	"half"	"ds"	"ERS4217551"	2020-02-24	2020-01-09	"HiSeq X Ten"	"SINGLE"	"GENOMIC"	"ILLUMINA"	"unspecified"	"Targeted-Capture"	"fasp.sra.ebi.ac.uk:/vol1/fastq/ERR380/001/ERR3800891/ERR3800891.fastq.gz"	132943326	"a9de288d72d39ab8dd8bd7ffcd3e28f2"	"ftp.sra.ebi.ac.uk/vol1/fastq/ERR380/001/ERR3800891/ERR3800891.fastq.gz"	4106911	"ftp.sra.ebi.ac.uk/vol1/run/ERR380/ERR3800891/I16165.hg19.bam"
"SAMEA6451996"	"PRJEB35980"	"ERR3800892"	"I16165"	"I16165"	"half"	"ds"	"ERS4217551"	2020-02-24	2020-01-09	"HiSeq X Ten"	"SINGLE"	"GENOMIC"	"ILLUMINA"	"unspecified"	"Targeted-Capture"	"fasp.sra.ebi.ac.uk:/vol1/fastq/ERR380/002/ERR3800892/ERR3800892.fastq.gz"	562859	"ec38bdd11dcfaf6312d1aec9ada21145"	"ftp.sra.ebi.ac.uk/vol1/fastq/ERR380/002/ERR3800892/ERR3800892.fastq.gz"	27997	"ftp.sra.ebi.ac.uk/vol1/run/ERR380/ERR3800892/I16165.rsrs.bam"
"SAMEA6451997"	"PRJEB35980"	"ERR3800893"	"I16166"	"I16166"	"half"	"ds"	"ERS4217552"	2020-02-24	2020-01-09	"HiSeq X Ten"	"SINGLE"	"GENOMIC"	"ILLUMINA"	"unspecified"	"Targeted-Capture"	"fasp.sra.ebi.ac.uk:/vol1/fastq/ERR380/003/ERR3800893/ERR3800893.fastq.gz"	53578055	"bb79fccbfdf55050c357b31e4a489de8"	"ftp.sra.ebi.ac.uk/vol1/fastq/ERR380/003/ERR3800893/ERR3800893.fastq.gz"	2094601	"ftp.sra.ebi.ac.uk/vol1/run/ERR380/ERR3800893/I16166.hg19.bam"
"SAMEA6451997"	"PRJEB35980"	"ERR3800894"	"I16166"	"I16166"	"half"	"ds"	"ERS4217552"	2020-02-24	2020-01-09	"HiSeq X Ten"	"SINGLE"	"GENOMIC"	"ILLUMINA"	"unspecified"	"Targeted-Capture"	"fasp.sra.ebi.ac.uk:/vol1/fastq/ERR380/004/ERR3800894/ERR3800894.fastq.gz"	100860	"acd70abbd243685009545ffe0cc41a7b"	"ftp.sra.ebi.ac.uk/vol1/fastq/ERR380/004/ERR3800894/ERR3800894.fastq.gz"	5001	"ftp.sra.ebi.ac.uk/vol1/run/ERR380/ERR3800894/I16166.rsrs.bam"
"SAMEA6451984"	"PRJEB35980"	"ERR3800895"	"I16168"	"I16168"	"half"	"ds"	"ERS4217539"	2020-02-24	2020-01-09	"HiSeq X Ten"	"SINGLE"	"GENOMIC"	"ILLUMINA"	"unspecified"	"Targeted-Capture"	"fasp.sra.ebi.ac.uk:/vol1/fastq/ERR380/005/ERR3800895/ERR3800895.fastq.gz"	126595072	"78848a3e2cd2c47b2f2ade627291506f"	"ftp.sra.ebi.ac.uk/vol1/fastq/ERR380/005/ERR3800895/ERR3800895.fastq.gz"	4303429	"ftp.sra.ebi.ac.uk/vol1/run/ERR380/ERR3800895/I16168.hg19.bam"
"SAMEA6451984"	"PRJEB35980"	"ERR3800896"	"I16168"	"I16168"	"half"	"ds"	"ERS4217539"	2020-02-24	2020-01-09	"HiSeq X Ten"	"SINGLE"	"GENOMIC"	"ILLUMINA"	"unspecified"	"Targeted-Capture"	"fasp.sra.ebi.ac.uk:/vol1/fastq/ERR380/006/ERR3800896/ERR3800896.fastq.gz"	418053	"714d94aea2d0e32c8a44a166a90da60c"	"ftp.sra.ebi.ac.uk/vol1/fastq/ERR380/006/ERR3800896/ERR3800896.fastq.gz"	21875	"ftp.sra.ebi.ac.uk/vol1/run/ERR380/ERR3800896/I16168.rsrs.bam"
"SAMEA6451985"	"PRJEB35980"	"ERR3800897"	"I16169"	"I16169"	"half"	"ds"	"ERS4217540"	2020-02-24	2020-01-09	"HiSeq X Ten"	"SINGLE"	"GENOMIC"	"ILLUMINA"	"unspecified"	"Targeted-Capture"	"fasp.sra.ebi.ac.uk:/vol1/fastq/ERR380/007/ERR3800897/ERR3800897.fastq.gz"	132997994	"d8051d8796b1bbb25c5620f72c7a482d"	"ftp.sra.ebi.ac.uk/vol1/fastq/ERR380/007/ERR3800897/ERR3800897.fastq.gz"	4482047	"ftp.sra.ebi.ac.uk/vol1/run/ERR380/ERR3800897/I16169.hg19.bam"
"SAMEA6451985"	"PRJEB35980"	"ERR3800898"	"I16169"	"I16169"	"half"	"ds"	"ERS4217540"	2020-02-24	2020-01-09	"HiSeq X Ten"	"SINGLE"	"GENOMIC"	"ILLUMINA"	"unspecified"	"Targeted-Capture"	"fasp.sra.ebi.ac.uk:/vol1/fastq/ERR380/008/ERR3800898/ERR3800898.fastq.gz"	391149	"14a2ef9481090f5e248fddd9393acdec"	"ftp.sra.ebi.ac.uk/vol1/fastq/ERR380/008/ERR3800898/ERR3800898.fastq.gz"	20193	"ftp.sra.ebi.ac.uk/vol1/run/ERR380/ERR3800898/I16169.rsrs.bam"
"SAMEA6451983"	"PRJEB35980"	"ERR3800899"	"I16170"	"I16170"	"half"	"ds"	"ERS4217538"	2020-02-24	2020-01-09	"HiSeq X Ten"	"SINGLE"	"GENOMIC"	"ILLUMINA"	"unspecified"	"Targeted-Capture"	"fasp.sra.ebi.ac.uk:/vol1/fastq/ERR380/009/ERR3800899/ERR3800899.fastq.gz"	182047109	"6702a525f95efa84d15037b82e3e6c66"	"ftp.sra.ebi.ac.uk/vol1/fastq/ERR380/009/ERR3800899/ERR3800899.fastq.gz"	6073371	"ftp.sra.ebi.ac.uk/vol1/run/ERR380/ERR3800899/I16170.hg19.bam"
"SAMEA6451983"	"PRJEB35980"	"ERR3800900"	"I16170"	"I16170"	"half"	"ds"	"ERS4217538"	2020-02-24	2020-01-09	"HiSeq X Ten"	"SINGLE"	"GENOMIC"	"ILLUMINA"	"unspecified"	"Targeted-Capture"	"fasp.sra.ebi.ac.uk:/vol1/fastq/ERR380/000/ERR3800900/ERR3800900.fastq.gz"	593212	"4c29f68e4c64622cd94f872862281c39"	"ftp.sra.ebi.ac.uk/vol1/fastq/ERR380/000/ERR3800900/ERR3800900.fastq.gz"	30788	"ftp.sra.ebi.ac.uk/vol1/run/ERR380/ERR3800900/I16170.rsrs.bam"
"SAMEA6451986"	"PRJEB35980"	"ERR3800901"	"I16183"	"I16183"	"half"	"ds"	"ERS4217541"	2020-02-24	2020-01-09	"HiSeq X Ten"	"SINGLE"	"GENOMIC"	"ILLUMINA"	"unspecified"	"Targeted-Capture"	"fasp.sra.ebi.ac.uk:/vol1/fastq/ERR380/001/ERR3800901/ERR3800901.fastq.gz"	65697386	"5a7a45730de15b4fae7cb782fb67699e"	"ftp.sra.ebi.ac.uk/vol1/fastq/ERR380/001/ERR3800901/ERR3800901.fastq.gz"	2273882	"ftp.sra.ebi.ac.uk/vol1/run/ERR380/ERR3800901/I16183.hg19.bam"
"SAMEA6451986"	"PRJEB35980"	"ERR3800902"	"I16183"	"I16183"	"half"	"ds"	"ERS4217541"	2020-02-24	2020-01-09	"HiSeq X Ten"	"SINGLE"	"GENOMIC"	"ILLUMINA"	"unspecified"	"Targeted-Capture"	"fasp.sra.ebi.ac.uk:/vol1/fastq/ERR380/002/ERR3800902/ERR3800902.fastq.gz"	140249	"b85f1b3ca383288e7879f07e96251145"	"ftp.sra.ebi.ac.uk/vol1/fastq/ERR380/002/ERR3800902/ERR3800902.fastq.gz"	7027	"ftp.sra.ebi.ac.uk/vol1/run/ERR380/ERR3800902/I16183.rsrs.bam"
"SAMEA6452008"	"PRJEB35980"	"ERR3800903"	"I3122"	"I3122"	"half"	"ds"	"ERS4217563"	2020-02-24	2020-01-09	"NextSeq 500"	"SINGLE"	"GENOMIC"	"ILLUMINA"	"unspecified"	"Targeted-Capture"	"fasp.sra.ebi.ac.uk:/vol1/fastq/ERR380/003/ERR3800903/ERR3800903.fastq.gz"	578712122	"fa1e573f08a381f20106a0bc91d026e9"	"ftp.sra.ebi.ac.uk/vol1/fastq/ERR380/003/ERR3800903/ERR3800903.fastq.gz"	16814879	"ftp.sra.ebi.ac.uk/vol1/run/ERR380/ERR3800903/I3122.hg19.bam"
"SAMEA6452008"	"PRJEB35980"	"ERR3800904"	"I3122"	"I3122"	"half"	"ds"	"ERS4217563"	2020-02-24	2020-01-09	"NextSeq 500"	"SINGLE"	"GENOMIC"	"ILLUMINA"	"unspecified"	"Targeted-Capture"	"fasp.sra.ebi.ac.uk:/vol1/fastq/ERR380/004/ERR3800904/ERR3800904.fastq.gz"	2647500	"41e5a386535be8e86db623af722e01f1"	"ftp.sra.ebi.ac.uk/vol1/fastq/ERR380/004/ERR3800904/ERR3800904.fastq.gz"	115344	"ftp.sra.ebi.ac.uk/vol1/run/ERR380/ERR3800904/I3122.rsrs.bam"
"SAMEA6452009"	"PRJEB35980"	"ERR3800905"	"I3123"	"I3123"	"half"	"ds"	"ERS4217564"	2020-02-24	2020-01-09	"NextSeq 500"	"SINGLE"	"GENOMIC"	"ILLUMINA"	"unspecified"	"Targeted-Capture"	"fasp.sra.ebi.ac.uk:/vol1/fastq/ERR380/005/ERR3800905/ERR3800905.fastq.gz"	577821823	"3c9561d17c8fa553f6fdff633f48aea2"	"ftp.sra.ebi.ac.uk/vol1/fastq/ERR380/005/ERR3800905/ERR3800905.fastq.gz"	16674359	"ftp.sra.ebi.ac.uk/vol1/run/ERR380/ERR3800905/I3123.hg19.bam"
"SAMEA6452009"	"PRJEB35980"	"ERR3800906"	"I3123"	"I3123"	"half"	"ds"	"ERS4217564"	2020-02-24	2020-01-09	"NextSeq 500"	"SINGLE"	"GENOMIC"	"ILLUMINA"	"unspecified"	"Targeted-Capture"	"fasp.sra.ebi.ac.uk:/vol1/fastq/ERR380/006/ERR3800906/ERR3800906.fastq.gz"	2912122	"0cdfa85e3be4bfb7e4a1f2aa1f550428"	"ftp.sra.ebi.ac.uk/vol1/fastq/ERR380/006/ERR3800906/ERR3800906.fastq.gz"	125016	"ftp.sra.ebi.ac.uk/vol1/run/ERR380/ERR3800906/I3123.rsrs.bam"
"SAMEA6452011"	"PRJEB35980"	"ERR3800907"	"I3124"	"I3124"	"half"	"ds"	"ERS4217566"	2020-02-24	2020-01-09	"NextSeq 500"	"SINGLE"	"GENOMIC"	"ILLUMINA"	"unspecified"	"Targeted-Capture"	"fasp.sra.ebi.ac.uk:/vol1/fastq/ERR380/007/ERR3800907/ERR3800907.fastq.gz"	530636648	"ae8af575bb0e333b92ed30dedd7d69e4"	"ftp.sra.ebi.ac.uk/vol1/fastq/ERR380/007/ERR3800907/ERR3800907.fastq.gz"	15917581	"ftp.sra.ebi.ac.uk/vol1/run/ERR380/ERR3800907/I3124.hg19.bam"
"SAMEA6452011"	"PRJEB35980"	"ERR3800908"	"I3124"	"I3124"	"half"	"ds"	"ERS4217566"	2020-02-24	2020-01-09	"NextSeq 500"	"SINGLE"	"GENOMIC"	"ILLUMINA"	"unspecified"	"Targeted-Capture"	"fasp.sra.ebi.ac.uk:/vol1/fastq/ERR380/008/ERR3800908/ERR3800908.fastq.gz"	1628488	"efcb5611c58d8ee01ee8d3e81ac2958d"	"ftp.sra.ebi.ac.uk/vol1/fastq/ERR380/008/ERR3800908/ERR3800908.fastq.gz"	70235	"ftp.sra.ebi.ac.uk/vol1/run/ERR380/ERR3800908/I3124.rsrs.bam"
"SAMEA6452012"	"PRJEB35980"	"ERR3800909"	"I3125"	"I3125"	"half"	"ds"	"ERS4217567"	2020-02-24	2020-01-09	"NextSeq 500"	"SINGLE"	"GENOMIC"	"ILLUMINA"	"unspecified"	"Targeted-Capture"	"fasp.sra.ebi.ac.uk:/vol1/fastq/ERR380/009/ERR3800909/ERR3800909.fastq.gz"	598639230	"9f2c54b97e70190611d0c033a06ecc45"	"ftp.sra.ebi.ac.uk/vol1/fastq/ERR380/009/ERR3800909/ERR3800909.fastq.gz"	17157321	"ftp.sra.ebi.ac.uk/vol1/run/ERR380/ERR3800909/I3125.hg19.bam"
"SAMEA6452012"	"PRJEB35980"	"ERR3800910"	"I3125"	"I3125"	"half"	"ds"	"ERS4217567"	2020-02-24	2020-01-09	"NextSeq 500"	"SINGLE"	"GENOMIC"	"ILLUMINA"	"unspecified"	"Targeted-Capture"	"fasp.sra.ebi.ac.uk:/vol1/fastq/ERR380/000/ERR3800910/ERR3800910.fastq.gz"	3313347	"2740569660374de66f2121f31efada43"	"ftp.sra.ebi.ac.uk/vol1/fastq/ERR380/000/ERR3800910/ERR3800910.fastq.gz"	141187	"ftp.sra.ebi.ac.uk/vol1/run/ERR380/ERR3800910/I3125.rsrs.bam"
"SAMEA6451972"	"PRJEB35980"	"ERR3800911"	"I3315"	"I3315"	"half"	"ds"	"ERS4217527"	2020-02-24	2020-01-09	"NextSeq 500"	"SINGLE"	"GENOMIC"	"ILLUMINA"	"unspecified"	"Targeted-Capture"	"fasp.sra.ebi.ac.uk:/vol1/fastq/ERR380/001/ERR3800911/ERR3800911.fastq.gz"	358240179	"b8d8d7e0a2635f8852e97305dbd8cf48"	"ftp.sra.ebi.ac.uk/vol1/fastq/ERR380/001/ERR3800911/ERR3800911.fastq.gz"	11180170	"ftp.sra.ebi.ac.uk/vol1/run/ERR380/ERR3800911/I3315.hg19.bam"
"SAMEA6451972"	"PRJEB35980"	"ERR3800912"	"I3315"	"I3315"	"half"	"ds"	"ERS4217527"	2020-02-24	2020-01-09	"NextSeq 500"	"SINGLE"	"GENOMIC"	"ILLUMINA"	"unspecified"	"Targeted-Capture"	"fasp.sra.ebi.ac.uk:/vol1/fastq/ERR380/002/ERR3800912/ERR3800912.fastq.gz"	2301593	"262dc3aa7c5a230a19fb7b7019b869e3"	"ftp.sra.ebi.ac.uk/vol1/fastq/ERR380/002/ERR3800912/ERR3800912.fastq.gz"	102762	"ftp.sra.ebi.ac.uk/vol1/run/ERR380/ERR3800912/I3315.rsrs.bam"
"SAMEA6451973"	"PRJEB35980"	"ERR3800913"	"I3642"	"I3642"	"half"	"ds"	"ERS4217528"	2020-02-24	2020-01-09	"NextSeq 500"	"SINGLE"	"GENOMIC"	"ILLUMINA"	"unspecified"	"Targeted-Capture"	"fasp.sra.ebi.ac.uk:/vol1/fastq/ERR380/003/ERR3800913/ERR3800913.fastq.gz"	13733922	"04f8a734a73fa687f02f0bd4739ef693"	"ftp.sra.ebi.ac.uk/vol1/fastq/ERR380/003/ERR3800913/ERR3800913.fastq.gz"	325387	"ftp.sra.ebi.ac.uk/vol1/run/ERR380/ERR3800913/I3642.hg19.bam"
"SAMEA6451973"	"PRJEB35980"	"ERR3800914"	"I3642"	"I3642"	"half"	"ds"	"ERS4217528"	2020-02-24	2020-01-09	"NextSeq 500"	"SINGLE"	"GENOMIC"	"ILLUMINA"	"unspecified"	"Targeted-Capture"	"fasp.sra.ebi.ac.uk:/vol1/fastq/ERR380/004/ERR3800914/ERR3800914.fastq.gz"	1207802	"7b97b3651200e511b878dab4b88da61e"	"ftp.sra.ebi.ac.uk/vol1/fastq/ERR380/004/ERR3800914/ERR3800914.fastq.gz"	54951	"ftp.sra.ebi.ac.uk/vol1/run/ERR380/ERR3800914/I3642.rsrs.bam"
"SAMEA6451994"	"PRJEB35980"	"ERR3800915"	"I3741"	"I3741"	"half"	"ds"	"ERS4217549"	2020-02-24	2020-01-09	"NextSeq 500"	"SINGLE"	"GENOMIC"	"ILLUMINA"	"unspecified"	"Targeted-Capture"	"fasp.sra.ebi.ac.uk:/vol1/fastq/ERR380/005/ERR3800915/ERR3800915.fastq.gz"	337120604	"d7e264f5ad0a67602268edfe1750be73"	"ftp.sra.ebi.ac.uk/vol1/fastq/ERR380/005/ERR3800915/ERR3800915.fastq.gz"	10492068	"ftp.sra.ebi.ac.uk/vol1/run/ERR380/ERR3800915/I3741.hg19.bam"
"SAMEA6451994"	"PRJEB35980"	"ERR3800916"	"I3741"	"I3741"	"half"	"ds"	"ERS4217549"	2020-02-24	2020-01-09	"NextSeq 500"	"SINGLE"	"GENOMIC"	"ILLUMINA"	"unspecified"	"Targeted-Capture"	"fasp.sra.ebi.ac.uk:/vol1/fastq/ERR380/006/ERR3800916/ERR3800916.fastq.gz"	2680776	"f6a0ac422b8e2244f61247494ee02c2d"	"ftp.sra.ebi.ac.uk/vol1/fastq/ERR380/006/ERR3800916/ERR3800916.fastq.gz"	125090	"ftp.sra.ebi.ac.uk/vol1/run/ERR380/ERR3800916/I3741.rsrs.bam"
"SAMEA6452005"	"PRJEB35980"	"ERR3800917"	"I3743"	"I3743"	"half"	"ds"	"ERS4217560"	2020-02-24	2020-01-09	"NextSeq 500"	"SINGLE"	"GENOMIC"	"ILLUMINA"	"unspecified"	"Targeted-Capture"	"fasp.sra.ebi.ac.uk:/vol1/fastq/ERR380/007/ERR3800917/ERR3800917.fastq.gz"	250647082	"a74e1c52feb7da84a3b7baf8ef46ec06"	"ftp.sra.ebi.ac.uk/vol1/fastq/ERR380/007/ERR3800917/ERR3800917.fastq.gz"	7073060	"ftp.sra.ebi.ac.uk/vol1/run/ERR380/ERR3800917/I3743.hg19.bam"
"SAMEA6452005"	"PRJEB35980"	"ERR3800918"	"I3743"	"I3743"	"half"	"ds"	"ERS4217560"	2020-02-24	2020-01-09	"NextSeq 500"	"SINGLE"	"GENOMIC"	"ILLUMINA"	"unspecified"	"Targeted-Capture"	"fasp.sra.ebi.ac.uk:/vol1/fastq/ERR380/008/ERR3800918/ERR3800918.fastq.gz"	1466371	"faad2bd2e25c3260e1f1521de4adf4a7"	"ftp.sra.ebi.ac.uk/vol1/fastq/ERR380/008/ERR3800918/ERR3800918.fastq.gz"	66874	"ftp.sra.ebi.ac.uk/vol1/run/ERR380/ERR3800918/I3743.rsrs.bam"
"SAMEA6452027"	"PRJEB35980"	"ERR3800919"	"I3876"	"I3876"	"half"	"ds"	"ERS4217582"	2020-02-24	2020-01-09	"NextSeq 500"	"SINGLE"	"GENOMIC"	"ILLUMINA"	"unspecified"	"Targeted-Capture"	"fasp.sra.ebi.ac.uk:/vol1/fastq/ERR380/009/ERR3800919/ERR3800919.fastq.gz"	336993482	"19fb1b678736c7402ef8d453df886712"	"ftp.sra.ebi.ac.uk/vol1/fastq/ERR380/009/ERR3800919/ERR3800919.fastq.gz"	10306294	"ftp.sra.ebi.ac.uk/vol1/run/ERR380/ERR3800919/I3876.hg19.bam"
"SAMEA6452027"	"PRJEB35980"	"ERR3800920"	"I3876"	"I3876"	"half"	"ds"	"ERS4217582"	2020-02-24	2020-01-09	"NextSeq 500"	"SINGLE"	"GENOMIC"	"ILLUMINA"	"unspecified"	"Targeted-Capture"	"fasp.sra.ebi.ac.uk:/vol1/fastq/ERR380/000/ERR3800920/ERR3800920.fastq.gz"	1448887	"f88b4ba093b1df97c86533e1fc94949c"	"ftp.sra.ebi.ac.uk/vol1/fastq/ERR380/000/ERR3800920/ERR3800920.fastq.gz"	68526	"ftp.sra.ebi.ac.uk/vol1/run/ERR380/ERR3800920/I3876.rsrs.bam"
"SAMEA6452029"	"PRJEB35980"	"ERR3800921"	"I3878"	"I3878"	"half"	"ds"	"ERS4217584"	2020-02-24	2020-01-09	"NextSeq 500"	"SINGLE"	"GENOMIC"	"ILLUMINA"	"unspecified"	"Targeted-Capture"	"fasp.sra.ebi.ac.uk:/vol1/fastq/ERR380/001/ERR3800921/ERR3800921.fastq.gz"	595239686	"b56e5e56eb1df430b1cfc2b4d22098f9"	"ftp.sra.ebi.ac.uk/vol1/fastq/ERR380/001/ERR3800921/ERR3800921.fastq.gz"	21003643	"ftp.sra.ebi.ac.uk/vol1/run/ERR380/ERR3800921/I3878.hg19.bam"
"SAMEA6452029"	"PRJEB35980"	"ERR3800922"	"I3878"	"I3878"	"half"	"ds"	"ERS4217584"	2020-02-24	2020-01-09	"NextSeq 500"	"SINGLE"	"GENOMIC"	"ILLUMINA"	"unspecified"	"Targeted-Capture"	"fasp.sra.ebi.ac.uk:/vol1/fastq/ERR380/002/ERR3800922/ERR3800922.fastq.gz"	3653620	"fde11be25572ec86f775094159ad38d1"	"ftp.sra.ebi.ac.uk/vol1/fastq/ERR380/002/ERR3800922/ERR3800922.fastq.gz"	201527	"ftp.sra.ebi.ac.uk/vol1/run/ERR380/ERR3800922/I3878.rsrs.bam"
"SAMEA6452020"	"PRJEB35980"	"ERR3800923"	"I4062"	"I4062"	"half"	"ds"	"ERS4217575"	2020-02-24	2020-01-09	"NextSeq 500"	"SINGLE"	"GENOMIC"	"ILLUMINA"	"unspecified"	"Targeted-Capture"	"fasp.sra.ebi.ac.uk:/vol1/fastq/ERR380/003/ERR3800923/ERR3800923.fastq.gz"	615959203	"d603cbe7c73cfd694492e50fe24c4b19"	"ftp.sra.ebi.ac.uk/vol1/fastq/ERR380/003/ERR3800923/ERR3800923.fastq.gz"	17494920	"ftp.sra.ebi.ac.uk/vol1/run/ERR380/ERR3800923/I4062.hg19.bam"
"SAMEA6452020"	"PRJEB35980"	"ERR3800924"	"I4062"	"I4062"	"half"	"ds"	"ERS4217575"	2020-02-24	2020-01-09	"NextSeq 500"	"SINGLE"	"GENOMIC"	"ILLUMINA"	"unspecified"	"Targeted-Capture"	"fasp.sra.ebi.ac.uk:/vol1/fastq/ERR380/004/ERR3800924/ERR3800924.fastq.gz"	1174302	"0e869f414d716210093d092838f4d900"	"ftp.sra.ebi.ac.uk/vol1/fastq/ERR380/004/ERR3800924/ERR3800924.fastq.gz"	44186	"ftp.sra.ebi.ac.uk/vol1/run/ERR380/ERR3800924/I4062.rsrs.bam"
"SAMEA6452021"	"PRJEB35980"	"ERR3800925"	"I4063"	"I4063"	"half"	"ds"	"ERS4217576"	2020-02-24	2020-01-09	"NextSeq 500"	"SINGLE"	"GENOMIC"	"ILLUMINA"	"unspecified"	"Targeted-Capture"	"fasp.sra.ebi.ac.uk:/vol1/fastq/ERR380/005/ERR3800925/ERR3800925.fastq.gz"	1381941933	"68ffd2889040c2fd2937e9950472b7de"	"ftp.sra.ebi.ac.uk/vol1/fastq/ERR380/005/ERR3800925/ERR3800925.fastq.gz"	45152751	"ftp.sra.ebi.ac.uk/vol1/run/ERR380/ERR3800925/I4063.hg19.bam"
"SAMEA6452021"	"PRJEB35980"	"ERR3800926"	"I4063"	"I4063"	"half"	"ds"	"ERS4217576"	2020-02-24	2020-01-09	"NextSeq 500"	"SINGLE"	"GENOMIC"	"ILLUMINA"	"unspecified"	"Targeted-Capture"	"fasp.sra.ebi.ac.uk:/vol1/fastq/ERR380/006/ERR3800926/ERR3800926.fastq.gz"	1251282	"0b2fa19231736a85847fdd772377a8f3"	"ftp.sra.ebi.ac.uk/vol1/fastq/ERR380/006/ERR3800926/ERR3800926.fastq.gz"	55704	"ftp.sra.ebi.ac.uk/vol1/run/ERR380/ERR3800926/I4063.rsrs.bam"
"SAMEA6452022"	"PRJEB35980"	"ERR3800927"	"I4064"	"I4064"	"half"	"ds"	"ERS4217577"	2020-02-24	2020-01-09	"NextSeq 500"	"SINGLE"	"GENOMIC"	"ILLUMINA"	"unspecified"	"Targeted-Capture"	"fasp.sra.ebi.ac.uk:/vol1/fastq/ERR380/007/ERR3800927/ERR3800927.fastq.gz"	547130048	"c46d0e98ae7510a7ec5acffa8ef3cbc6"	"ftp.sra.ebi.ac.uk/vol1/fastq/ERR380/007/ERR3800927/ERR3800927.fastq.gz"	18814240	"ftp.sra.ebi.ac.uk/vol1/run/ERR380/ERR3800927/I4064.hg19.bam"
"SAMEA6452022"	"PRJEB35980"	"ERR3800928"	"I4064"	"I4064"	"half"	"ds"	"ERS4217577"	2020-02-24	2020-01-09	"NextSeq 500"	"SINGLE"	"GENOMIC"	"ILLUMINA"	"unspecified"	"Targeted-Capture"	"fasp.sra.ebi.ac.uk:/vol1/fastq/ERR380/008/ERR3800928/ERR3800928.fastq.gz"	4765834	"1e35fcc9455f0fd94a23ff6def9eb70c"	"ftp.sra.ebi.ac.uk/vol1/fastq/ERR380/008/ERR3800928/ERR3800928.fastq.gz"	248196	"ftp.sra.ebi.ac.uk/vol1/run/ERR380/ERR3800928/I4064.rsrs.bam"
"SAMEA6452023"	"PRJEB35980"	"ERR3800929"	"I4065"	"I4065"	"half"	"ds"	"ERS4217578"	2020-02-24	2020-01-09	"NextSeq 500"	"SINGLE"	"GENOMIC"	"ILLUMINA"	"unspecified"	"Targeted-Capture"	"fasp.sra.ebi.ac.uk:/vol1/fastq/ERR380/009/ERR3800929/ERR3800929.fastq.gz"	587642644	"9573062aa3024fb3549accc5ec73fd2c"	"ftp.sra.ebi.ac.uk/vol1/fastq/ERR380/009/ERR3800929/ERR3800929.fastq.gz"	17421239	"ftp.sra.ebi.ac.uk/vol1/run/ERR380/ERR3800929/I4065.hg19.bam"
"SAMEA6452023"	"PRJEB35980"	"ERR3800930"	"I4065"	"I4065"	"half"	"ds"	"ERS4217578"	2020-02-24	2020-01-09	"NextSeq 500"	"SINGLE"	"GENOMIC"	"ILLUMINA"	"unspecified"	"Targeted-Capture"	"fasp.sra.ebi.ac.uk:/vol1/fastq/ERR380/000/ERR3800930/ERR3800930.fastq.gz"	1288680	"bfba103f6e8a7f06ba57ef2b9425394b"	"ftp.sra.ebi.ac.uk/vol1/fastq/ERR380/000/ERR3800930/ERR3800930.fastq.gz"	56809	"ftp.sra.ebi.ac.uk/vol1/run/ERR380/ERR3800930/I4065.rsrs.bam"
"SAMEA6452013"	"PRJEB35980"	"ERR3800931"	"I4109"	"I4109"	"half"	"ds"	"ERS4217568"	2020-02-24	2020-01-09	"NextSeq 500"	"SINGLE"	"GENOMIC"	"ILLUMINA"	"unspecified"	"Targeted-Capture"	"fasp.sra.ebi.ac.uk:/vol1/fastq/ERR380/001/ERR3800931/ERR3800931.fastq.gz"	482367025	"100b4df6b8a7e315da40f2f15d11cd25"	"ftp.sra.ebi.ac.uk/vol1/fastq/ERR380/001/ERR3800931/ERR3800931.fastq.gz"	13555803	"ftp.sra.ebi.ac.uk/vol1/run/ERR380/ERR3800931/I4109.hg19.bam"
"SAMEA6452013"	"PRJEB35980"	"ERR3800932"	"I4109"	"I4109"	"half"	"ds"	"ERS4217568"	2020-02-24	2020-01-09	"NextSeq 500"	"SINGLE"	"GENOMIC"	"ILLUMINA"	"unspecified"	"Targeted-Capture"	"fasp.sra.ebi.ac.uk:/vol1/fastq/ERR380/002/ERR3800932/ERR3800932.fastq.gz"	1781619	"9dc48a6b7ace007508cb27443b2e358c"	"ftp.sra.ebi.ac.uk/vol1/fastq/ERR380/002/ERR3800932/ERR3800932.fastq.gz"	74607	"ftp.sra.ebi.ac.uk/vol1/run/ERR380/ERR3800932/I4109.rsrs.bam"
"SAMEA6451970"	"PRJEB35980"	"ERR3800933"	"I4329"	"I4329"	"half"	"ds"	"ERS4217525"	2020-02-24	2020-01-09	"NextSeq 500"	"SINGLE"	"GENOMIC"	"ILLUMINA"	"unspecified"	"Targeted-Capture"	"fasp.sra.ebi.ac.uk:/vol1/fastq/ERR380/003/ERR3800933/ERR3800933.fastq.gz"	70089475	"06d67356ac772f302834bdcc172725d4"	"ftp.sra.ebi.ac.uk/vol1/fastq/ERR380/003/ERR3800933/ERR3800933.fastq.gz"	1974512	"ftp.sra.ebi.ac.uk/vol1/run/ERR380/ERR3800933/I4329.hg19.bam"
"SAMEA6451970"	"PRJEB35980"	"ERR3800934"	"I4329"	"I4329"	"half"	"ds"	"ERS4217525"	2020-02-24	2020-01-09	"NextSeq 500"	"SINGLE"	"GENOMIC"	"ILLUMINA"	"unspecified"	"Targeted-Capture"	"fasp.sra.ebi.ac.uk:/vol1/fastq/ERR380/004/ERR3800934/ERR3800934.fastq.gz"	466477	"3b4b3470bf3affd21abd4dd8a69345a6"	"ftp.sra.ebi.ac.uk/vol1/fastq/ERR380/004/ERR3800934/ERR3800934.fastq.gz"	17560	"ftp.sra.ebi.ac.uk/vol1/run/ERR380/ERR3800934/I4329.rsrs.bam"
"SAMEA6452031"	"PRJEB35980"	"ERR3800935"	"I4383"	"I4383"	"half"	"ds"	"ERS4217586"	2020-02-24	2020-01-09	"NextSeq 500"	"SINGLE"	"GENOMIC"	"ILLUMINA"	"unspecified"	"Targeted-Capture"	"fasp.sra.ebi.ac.uk:/vol1/fastq/ERR380/005/ERR3800935/ERR3800935.fastq.gz"	3519303	"358f42a2cd2994224536f2bda832efd9"	"ftp.sra.ebi.ac.uk/vol1/fastq/ERR380/005/ERR3800935/ERR3800935.fastq.gz"	111917	"ftp.sra.ebi.ac.uk/vol1/run/ERR380/ERR3800935/I4383.hg19.bam"
"SAMEA6452031"	"PRJEB35980"	"ERR3800936"	"I4383"	"I4383"	"half"	"ds"	"ERS4217586"	2020-02-24	2020-01-09	"NextSeq 500"	"SINGLE"	"GENOMIC"	"ILLUMINA"	"unspecified"	"Targeted-Capture"	"fasp.sra.ebi.ac.uk:/vol1/fastq/ERR380/006/ERR3800936/ERR3800936.fastq.gz"	6142	"4c15dedcbc42f1775766bace6fc5e57d"	"ftp.sra.ebi.ac.uk/vol1/fastq/ERR380/006/ERR3800936/ERR3800936.fastq.gz"	145	"ftp.sra.ebi.ac.uk/vol1/run/ERR380/ERR3800936/I4383.rsrs.bam"
"SAMEA6451971"	"PRJEB35980"	"ERR3800937"	"I4420_all"	"I4420_all"	"mixed"	"ds"	"ERS4217526"	2020-02-24	2020-01-09	"NextSeq 500"	"PAIRED"	"GENOMIC"	"ILLUMINA"	"unspecified"	"Targeted-Capture"					10196401	"ftp.sra.ebi.ac.uk/vol1/run/ERR380/ERR3800937/I4420_all.hg19.bam"
"SAMEA6451971"	"PRJEB35980"	"ERR3800938"	"I4420_all"	"I4420_all"	"mixed"	"ds"	"ERS4217526"	2020-02-24	2020-01-09	"NextSeq 500"	"SINGLE"	"GENOMIC"	"ILLUMINA"	"unspecified"	"Targeted-Capture"	"fasp.sra.ebi.ac.uk:/vol1/fastq/ERR380/008/ERR3800938/ERR3800938.fastq.gz"	2002701	"21efeace6f0382ed4ba030d0736a8d2f"	"ftp.sra.ebi.ac.uk/vol1/fastq/ERR380/008/ERR3800938/ERR3800938.fastq.gz"	77314	"ftp.sra.ebi.ac.uk/vol1/run/ERR380/ERR3800938/I4420_all.rsrs.bam"
"SAMEA6452030"	"PRJEB35980"	"ERR3800939"	"I4936"	"#N/A"			"ERS4217585"	2020-02-24	2020-01-09	"NextSeq 500"	"PAIRED"	"GENOMIC"	"ILLUMINA"	"unspecified"	"Targeted-Capture"					183184	"ftp.sra.ebi.ac.uk/vol1/run/ERR380/ERR3800939/I4936.hg19.bam"
"SAMEA6452030"	"PRJEB35980"	"ERR3800940"	"I4936"	"#N/A"			"ERS4217585"	2020-02-24	2020-01-09	"NextSeq 500"	"SINGLE"	"GENOMIC"	"ILLUMINA"	"unspecified"	"Targeted-Capture"	"fasp.sra.ebi.ac.uk:/vol1/fastq/ERR380/000/ERR3800940/ERR3800940.fastq.gz"	33315	"6ec8e4ab097b5759038b1041bf6a53b2"	"ftp.sra.ebi.ac.uk/vol1/fastq/ERR380/000/ERR3800940/ERR3800940.fastq.gz"	1168	"ftp.sra.ebi.ac.uk/vol1/run/ERR380/ERR3800940/I4936.rsrs.bam"
"SAMEA6452015"	"PRJEB35980"	"ERR3800941"	"I7774_d"	"I7774_d"	"half"	"ds"	"ERS4217570"	2020-02-24	2020-01-09	"NextSeq 500"	"SINGLE"	"GENOMIC"	"ILLUMINA"	"unspecified"	"Targeted-Capture"	"fasp.sra.ebi.ac.uk:/vol1/fastq/ERR380/001/ERR3800941/ERR3800941.fastq.gz"	57148817	"902585f1d4fa57a43f41474af5b723e5"	"ftp.sra.ebi.ac.uk/vol1/fastq/ERR380/001/ERR3800941/ERR3800941.fastq.gz"	1781043	"ftp.sra.ebi.ac.uk/vol1/run/ERR380/ERR3800941/I7774_d.hg19.bam"
"SAMEA6452015"	"PRJEB35980"	"ERR3800942"	"I7774_d"	"I7774_d"	"half"	"ds"	"ERS4217570"	2020-02-24	2020-01-09	"NextSeq 500"	"SINGLE"	"GENOMIC"	"ILLUMINA"	"unspecified"	"Targeted-Capture"	"fasp.sra.ebi.ac.uk:/vol1/fastq/ERR380/002/ERR3800942/ERR3800942.fastq.gz"	211775	"457b2db9592ab0f60d759c5a6f8f43c2"	"ftp.sra.ebi.ac.uk/vol1/fastq/ERR380/002/ERR3800942/ERR3800942.fastq.gz"	9639	"ftp.sra.ebi.ac.uk/vol1/run/ERR380/ERR3800942/I7774_d.rsrs.bam"
"SAMEA6452016"	"PRJEB35980"	"ERR3800943"	"I7796"	"I7796"	"half"	"ds"	"ERS4217571"	2020-02-24	2020-01-09	"NextSeq 500"	"SINGLE"	"GENOMIC"	"ILLUMINA"	"unspecified"	"Targeted-Capture"	"fasp.sra.ebi.ac.uk:/vol1/fastq/ERR380/003/ERR3800943/ERR3800943.fastq.gz"	45426383	"8cc1a5ed84b6ce284d17b306f6460488"	"ftp.sra.ebi.ac.uk/vol1/fastq/ERR380/003/ERR3800943/ERR3800943.fastq.gz"	1470450	"ftp.sra.ebi.ac.uk/vol1/run/ERR380/ERR3800943/I7796.hg19.bam"
"SAMEA6452016"	"PRJEB35980"	"ERR3800944"	"I7796"	"I7796"	"half"	"ds"	"ERS4217571"	2020-02-24	2020-01-09	"NextSeq 500"	"SINGLE"	"GENOMIC"	"ILLUMINA"	"unspecified"	"Targeted-Capture"	"fasp.sra.ebi.ac.uk:/vol1/fastq/ERR380/004/ERR3800944/ERR3800944.fastq.gz"	168093	"bc5e1bf9a5d049f74d745867bce12572"	"ftp.sra.ebi.ac.uk/vol1/fastq/ERR380/004/ERR3800944/ERR3800944.fastq.gz"	7640	"ftp.sra.ebi.ac.uk/vol1/run/ERR380/ERR3800944/I7796.rsrs.bam"
"SAMEA6452017"	"PRJEB35980"	"ERR3800945"	"I7800"	"I7800"	"half"	"ds"	"ERS4217572"	2020-02-24	2020-01-09	"NextSeq 500"	"SINGLE"	"GENOMIC"	"ILLUMINA"	"unspecified"	"Targeted-Capture"	"fasp.sra.ebi.ac.uk:/vol1/fastq/ERR380/005/ERR3800945/ERR3800945.fastq.gz"	24340713	"29a9c122b016e500146c6ef6fa2a5246"	"ftp.sra.ebi.ac.uk/vol1/fastq/ERR380/005/ERR3800945/ERR3800945.fastq.gz"	836800	"ftp.sra.ebi.ac.uk/vol1/run/ERR380/ERR3800945/I7800.hg19.bam"
"SAMEA6452017"	"PRJEB35980"	"ERR3800946"	"I7800"	"I7800"	"half"	"ds"	"ERS4217572"	2020-02-24	2020-01-09	"NextSeq 500"	"SINGLE"	"GENOMIC"	"ILLUMINA"	"unspecified"	"Targeted-Capture"	"fasp.sra.ebi.ac.uk:/vol1/fastq/ERR380/006/ERR3800946/ERR3800946.fastq.gz"	96497	"c70e482e5c5a7d3a6989afd2747aaba3"	"ftp.sra.ebi.ac.uk/vol1/fastq/ERR380/006/ERR3800946/ERR3800946.fastq.gz"	4241	"ftp.sra.ebi.ac.uk/vol1/run/ERR380/ERR3800946/I7800.rsrs.bam"
"SAMEA6452018"	"PRJEB35980"	"ERR3800947"	"I7805"	"I7805"	"half"	"ds"	"ERS4217573"	2020-02-24	2020-01-09	"NextSeq 500"	"SINGLE"	"GENOMIC"	"ILLUMINA"	"unspecified"	"Targeted-Capture"	"fasp.sra.ebi.ac.uk:/vol1/fastq/ERR380/007/ERR3800947/ERR3800947.fastq.gz"	16864433	"8e919e7aedbff533bf58322dd1808def"	"ftp.sra.ebi.ac.uk/vol1/fastq/ERR380/007/ERR3800947/ERR3800947.fastq.gz"	593283	"ftp.sra.ebi.ac.uk/vol1/run/ERR380/ERR3800947/I7805.hg19.bam"
"SAMEA6452018"	"PRJEB35980"	"ERR3800948"	"I7805"	"I7805"	"half"	"ds"	"ERS4217573"	2020-02-24	2020-01-09	"NextSeq 500"	"SINGLE"	"GENOMIC"	"ILLUMINA"	"unspecified"	"Targeted-Capture"	"fasp.sra.ebi.ac.uk:/vol1/fastq/ERR380/008/ERR3800948/ERR3800948.fastq.gz"	66912	"b1d43be0dc198275554d2822d428df55"	"ftp.sra.ebi.ac.uk/vol1/fastq/ERR380/008/ERR3800948/ERR3800948.fastq.gz"	3025	"ftp.sra.ebi.ac.uk/vol1/run/ERR380/ERR3800948/I7805.rsrs.bam"
"SAMEA6452019"	"PRJEB35980"	"ERR3800949"	"I7807"	"I7807"	"half"	"ds"	"ERS4217574"	2020-02-24	2020-01-09	"NextSeq 500"	"SINGLE"	"GENOMIC"	"ILLUMINA"	"unspecified"	"Targeted-Capture"	"fasp.sra.ebi.ac.uk:/vol1/fastq/ERR380/009/ERR3800949/ERR3800949.fastq.gz"	40294386	"8d871c256b4e44938c8a5e9512127363"	"ftp.sra.ebi.ac.uk/vol1/fastq/ERR380/009/ERR3800949/ERR3800949.fastq.gz"	1275550	"ftp.sra.ebi.ac.uk/vol1/run/ERR380/ERR3800949/I7807.hg19.bam"
"SAMEA6452019"	"PRJEB35980"	"ERR3800950"	"I7807"	"I7807"	"half"	"ds"	"ERS4217574"	2020-02-24	2020-01-09	"NextSeq 500"	"SINGLE"	"GENOMIC"	"ILLUMINA"	"unspecified"	"Targeted-Capture"	"fasp.sra.ebi.ac.uk:/vol1/fastq/ERR380/000/ERR3800950/ERR3800950.fastq.gz"	245104	"ccf151c8bf5f22ce508ca0103754a2b7"	"ftp.sra.ebi.ac.uk/vol1/fastq/ERR380/000/ERR3800950/ERR3800950.fastq.gz"	11574	"ftp.sra.ebi.ac.uk/vol1/run/ERR380/ERR3800950/I7807.rsrs.bam"
"SAMEA6452024"	"PRJEB35980"	"ERR3800951"	"I8561"	"I8561"	"half"	"ds"	"ERS4217579"	2020-02-24	2020-01-09	"NextSeq 500"	"PAIRED"	"GENOMIC"	"ILLUMINA"	"unspecified"	"Targeted-Capture"					18607693	"ftp.sra.ebi.ac.uk/vol1/run/ERR380/ERR3800951/I8561.hg19.bam"
"SAMEA6452024"	"PRJEB35980"	"ERR3800952"	"I8561"	"I8561"	"half"	"ds"	"ERS4217579"	2020-02-24	2020-01-09	"NextSeq 500"	"SINGLE"	"GENOMIC"	"ILLUMINA"	"unspecified"	"Targeted-Capture"	"fasp.sra.ebi.ac.uk:/vol1/fastq/ERR380/002/ERR3800952/ERR3800952.fastq.gz"	1074259	"3a0d86c0ef83943d9ba8b3760887c318"	"ftp.sra.ebi.ac.uk/vol1/fastq/ERR380/002/ERR3800952/ERR3800952.fastq.gz"	48256	"ftp.sra.ebi.ac.uk/vol1/run/ERR380/ERR3800952/I8561.rsrs.bam"
