"sample_accession","study_accession","run_accession","sample_alias","poseidon_IDs","udg","library_built","secondary_sample_accession","first_public","last_updated","instrument_model","library_layout","library_source","instrument_platform","library_name","library_strategy","fastq_aspera","fastq_bytes","fastq_md5","fastq_ftp","read_count","submitted_ftp"
"SAMEA5070992","PRJEB28961","ERR2880948","CP18","CP18","half","ds","ERS2882363",2018-11-07,2018-11-16,"Illumina HiSeq 4000","SINGLE","GENOMIC","ILLUMINA","LAP006.A0101","Targeted-Capture","fasp.sra.ebi.ac.uk:/vol1/fastq/ERR288/008/ERR2880948/ERR2880948.fastq.gz",92975317,"8f9dc52aaf8c4d34a5d8a0db590b14fa","ftp.sra.ebi.ac.uk/vol1/fastq/ERR288/008/ERR2880948/ERR2880948.fastq.gz",2651749,"ftp.sra.ebi.ac.uk/vol1/run/ERR288/ERR2880948/CP18.bam;ftp.sra.ebi.ac.uk/vol1/run/ERR288/ERR2880948/CP18.bam.bai"
"SAMEA5070993","PRJEB28961","ERR2880949","CP19","CP19","half","ds","ERS2882364",2018-11-07,2018-11-16,"Illumina HiSeq 4000","SINGLE","GENOMIC","ILLUMINA","LAP007.A0101","Targeted-Capture","fasp.sra.ebi.ac.uk:/vol1/fastq/ERR288/009/ERR2880949/ERR2880949.fastq.gz",74757113,"bfa353fd0acbd8d6f7a9d5fe48c38d25","ftp.sra.ebi.ac.uk/vol1/fastq/ERR288/009/ERR2880949/ERR2880949.fastq.gz",2101816,"ftp.sra.ebi.ac.uk/vol1/run/ERR288/ERR2880949/CP19.bam;ftp.sra.ebi.ac.uk/vol1/run/ERR288/ERR2880949/CP19.bam.bai"
"SAMEA5070994","PRJEB28961","ERR2880950","CP21",,,,"ERS2882365",2018-11-07,2018-11-16,"Illumina HiSeq 4000","SINGLE","GENOMIC","ILLUMINA","LAP001.A0101","Targeted-Capture","fasp.sra.ebi.ac.uk:/vol1/fastq/ERR288/000/ERR2880950/ERR2880950.fastq.gz",154423497,"bad61d05181804507809606130d21f3d","ftp.sra.ebi.ac.uk/vol1/fastq/ERR288/000/ERR2880950/ERR2880950.fastq.gz",4255592,"ftp.sra.ebi.ac.uk/vol1/run/ERR288/ERR2880950/CP21.bam;ftp.sra.ebi.ac.uk/vol1/run/ERR288/ERR2880950/CP21.bam.bai"
"SAMEA5070995","PRJEB28961","ERR2880951","CP22",,,,"ERS2882366",2018-11-07,2018-11-16,"Illumina HiSeq 4000","SINGLE","GENOMIC","ILLUMINA","LAP002.A0101","Targeted-Capture","fasp.sra.ebi.ac.uk:/vol1/fastq/ERR288/001/ERR2880951/ERR2880951.fastq.gz",119584400,"62263e1211891deb017d04e1f7a0b54e","ftp.sra.ebi.ac.uk/vol1/fastq/ERR288/001/ERR2880951/ERR2880951.fastq.gz",3375658,"ftp.sra.ebi.ac.uk/vol1/run/ERR288/ERR2880951/CP22.bam;ftp.sra.ebi.ac.uk/vol1/run/ERR288/ERR2880951/CP22.bam.bai"
"SAMEA5070996","PRJEB28961","ERR2880952","CP23","CP23","half","ds","ERS2882367",2018-11-07,2018-11-16,"Illumina HiSeq 4000","SINGLE","GENOMIC","ILLUMINA","LAP004.A0101","Targeted-Capture","fasp.sra.ebi.ac.uk:/vol1/fastq/ERR288/002/ERR2880952/ERR2880952.fastq.gz",73635987,"3eda4f60a97e2e52102aea4e5d09d922","ftp.sra.ebi.ac.uk/vol1/fastq/ERR288/002/ERR2880952/ERR2880952.fastq.gz",1967884,"ftp.sra.ebi.ac.uk/vol1/run/ERR288/ERR2880952/CP23.bam;ftp.sra.ebi.ac.uk/vol1/run/ERR288/ERR2880952/CP23.bam.bai"
"SAMEA5070997","PRJEB28961","ERR2880953","CP25","CP25","half","ds","ERS2882368",2018-11-07,2018-11-16,"Illumina HiSeq 4000","SINGLE","GENOMIC","ILLUMINA","LAP005.A0101","Targeted-Capture","fasp.sra.ebi.ac.uk:/vol1/fastq/ERR288/003/ERR2880953/ERR2880953.fastq.gz",136199018,"5d9fc203fc615f04dbfe10a9f8f168eb","ftp.sra.ebi.ac.uk/vol1/fastq/ERR288/003/ERR2880953/ERR2880953.fastq.gz",3552003,"ftp.sra.ebi.ac.uk/vol1/run/ERR288/ERR2880953/CP25.bam;ftp.sra.ebi.ac.uk/vol1/run/ERR288/ERR2880953/CP25.bam.bai"
"SAMEA5070998","PRJEB28961","ERR2880954","CP26","CP26","half","ds","ERS2882369",2018-11-07,2018-11-16,"Illumina HiSeq 4000","SINGLE","GENOMIC","ILLUMINA","LAP003.A0101","Targeted-Capture","fasp.sra.ebi.ac.uk:/vol1/fastq/ERR288/004/ERR2880954/ERR2880954.fastq.gz",24571776,"b9598bd8bf54a0d445909ba0ac797f1a","ftp.sra.ebi.ac.uk/vol1/fastq/ERR288/004/ERR2880954/ERR2880954.fastq.gz",675717,"ftp.sra.ebi.ac.uk/vol1/run/ERR288/ERR2880954/CP26.bam;ftp.sra.ebi.ac.uk/vol1/run/ERR288/ERR2880954/CP26.bam.bai"
"SAMEA5070999","PRJEB28961","ERR2880955","CP29","CP29","half","ds","ERS2882370",2018-11-07,2018-11-16,"Illumina HiSeq 4000","SINGLE","GENOMIC","ILLUMINA","CUN002.A0101","Targeted-Capture","fasp.sra.ebi.ac.uk:/vol1/fastq/ERR288/005/ERR2880955/ERR2880955.fastq.gz",273421259,"39aaad67e051daaaa918fcb7b027e52a","ftp.sra.ebi.ac.uk/vol1/fastq/ERR288/005/ERR2880955/ERR2880955.fastq.gz",7451219,"ftp.sra.ebi.ac.uk/vol1/run/ERR288/ERR2880955/CP29.bam;ftp.sra.ebi.ac.uk/vol1/run/ERR288/ERR2880955/CP29.bam.bai"
"SAMEA5071000","PRJEB28961","ERR2880956","CP8","CP8","half","ds","ERS2882371",2018-11-07,2018-11-16,"Illumina HiSeq 4000","SINGLE","GENOMIC","ILLUMINA","CUN001.A0101","Targeted-Capture","fasp.sra.ebi.ac.uk:/vol1/fastq/ERR288/006/ERR2880956/ERR2880956.fastq.gz",379028576,"7230a3bdb49134ed3a4a36c901ad1628","ftp.sra.ebi.ac.uk/vol1/fastq/ERR288/006/ERR2880956/ERR2880956.fastq.gz",10615974,"ftp.sra.ebi.ac.uk/vol1/run/ERR288/ERR2880956/CP8.bam;ftp.sra.ebi.ac.uk/vol1/run/ERR288/ERR2880956/CP8.bam.bai"
"SAMEA5071001","PRJEB28961","ERR2880957","CUN008","CUN008","half","ds","ERS2882372",2018-11-07,2018-11-16,"Illumina HiSeq 4000","SINGLE","GENOMIC","ILLUMINA","CUN008.B0103","Targeted-Capture","fasp.sra.ebi.ac.uk:/vol1/fastq/ERR288/007/ERR2880957/ERR2880957.fastq.gz",274905868,"f572eb2af785022c6084c9be32f22a80","ftp.sra.ebi.ac.uk/vol1/fastq/ERR288/007/ERR2880957/ERR2880957.fastq.gz",7463422,"ftp.sra.ebi.ac.uk/vol1/run/ERR288/ERR2880957/CUN008.bam;ftp.sra.ebi.ac.uk/vol1/run/ERR288/ERR2880957/CUN008.bam.bai"
"SAMEA5071002","PRJEB28961","ERR2880958","I0038","I0038","plus","ds","ERS2882373",2018-11-07,2018-11-16,"NextSeq 500","SINGLE","GENOMIC","ILLUMINA","S0342.L1,S0038.L1,S1213.L1","Targeted-Capture","fasp.sra.ebi.ac.uk:/vol1/fastq/ERR288/008/ERR2880958/ERR2880958.fastq.gz",875571547,"0faf5c8ee9a9629b7b7e1baf7035098d","ftp.sra.ebi.ac.uk/vol1/fastq/ERR288/008/ERR2880958/ERR2880958.fastq.gz",17849752,"ftp.sra.ebi.ac.uk/vol1/run/ERR288/ERR2880958/I0038.bam;ftp.sra.ebi.ac.uk/vol1/run/ERR288/ERR2880958/I0038.bam.bai"
"SAMEA5071003","PRJEB28961","ERR2880959","I0039","I0039","plus","ds","ERS2882374",2018-11-07,2018-11-16,"NextSeq 500","SINGLE","GENOMIC","ILLUMINA","S0039.L1,S1214.L1","Targeted-Capture","fasp.sra.ebi.ac.uk:/vol1/fastq/ERR288/009/ERR2880959/ERR2880959.fastq.gz",248826924,"a3097358dc9f866cde9085da8a4d598b","ftp.sra.ebi.ac.uk/vol1/fastq/ERR288/009/ERR2880959/ERR2880959.fastq.gz",5107207,"ftp.sra.ebi.ac.uk/vol1/run/ERR288/ERR2880959/I0039.bam;ftp.sra.ebi.ac.uk/vol1/run/ERR288/ERR2880959/I0039.bam.bai"
"SAMEA5071004","PRJEB28961","ERR2880960","I0040","I0040","plus","ds","ERS2882375",2018-11-07,2018-11-16,"NextSeq 500","SINGLE","GENOMIC","ILLUMINA","S0040.L1,S1215.L1","Targeted-Capture","fasp.sra.ebi.ac.uk:/vol1/fastq/ERR288/000/ERR2880960/ERR2880960.fastq.gz",303499334,"14526432c94faf2bbbd063357cda6d36","ftp.sra.ebi.ac.uk/vol1/fastq/ERR288/000/ERR2880960/ERR2880960.fastq.gz",6059972,"ftp.sra.ebi.ac.uk/vol1/run/ERR288/ERR2880960/I0040.bam;ftp.sra.ebi.ac.uk/vol1/run/ERR288/ERR2880960/I0040.bam.bai"
"SAMEA5071005","PRJEB28961","ERR2880961","I0041","I0041","plus","ds","ERS2882376",2018-11-07,2018-11-16,"NextSeq 500","SINGLE","GENOMIC","ILLUMINA","S1216.L1,S0041.L1","Targeted-Capture","fasp.sra.ebi.ac.uk:/vol1/fastq/ERR288/001/ERR2880961/ERR2880961.fastq.gz",171000341,"8a342c1e59ec6d01bf8acb03e68827a1","ftp.sra.ebi.ac.uk/vol1/fastq/ERR288/001/ERR2880961/ERR2880961.fastq.gz",3589666,"ftp.sra.ebi.ac.uk/vol1/run/ERR288/ERR2880961/I0041.bam;ftp.sra.ebi.ac.uk/vol1/run/ERR288/ERR2880961/I0041.bam.bai"
"SAMEA5071006","PRJEB28961","ERR2880962","I0237","I0237","half","ds","ERS2882377",2018-11-07,2018-11-16,"NextSeq 500","SINGLE","GENOMIC","ILLUMINA","S0837.L1","Targeted-Capture","fasp.sra.ebi.ac.uk:/vol1/fastq/ERR288/002/ERR2880962/ERR2880962.fastq.gz",82454573,"6854c2339340932eef23f24c2ed2f1ca","ftp.sra.ebi.ac.uk/vol1/fastq/ERR288/002/ERR2880962/ERR2880962.fastq.gz",1384650,"ftp.sra.ebi.ac.uk/vol1/run/ERR288/ERR2880962/I0237.bam;ftp.sra.ebi.ac.uk/vol1/run/ERR288/ERR2880962/I0237.bam.bai"
"SAMEA5071007","PRJEB28961","ERR2880963","I0238","I0238","half","ds","ERS2882378",2018-11-07,2018-11-16,"NextSeq 500","SINGLE","GENOMIC","ILLUMINA","S0238.E1.L2","Targeted-Capture","fasp.sra.ebi.ac.uk:/vol1/fastq/ERR288/003/ERR2880963/ERR2880963.fastq.gz",64540221,"b278b81df22e8908e86d3e5aaaedf839","ftp.sra.ebi.ac.uk/vol1/fastq/ERR288/003/ERR2880963/ERR2880963.fastq.gz",1709166,"ftp.sra.ebi.ac.uk/vol1/run/ERR288/ERR2880963/I0238.bam;ftp.sra.ebi.ac.uk/vol1/run/ERR288/ERR2880963/I0238.bam.bai"
"SAMEA5071008","PRJEB28961","ERR2880964","I0308","I0308","mixed","ds","ERS2882379",2018-11-07,2018-11-16,"NextSeq 500","SINGLE","GENOMIC","ILLUMINA","S0352.L1,S1350.L1","Targeted-Capture","fasp.sra.ebi.ac.uk:/vol1/fastq/ERR288/004/ERR2880964/ERR2880964.fastq.gz",102919918,"cbe5791bbfd42b206f857808ef72e97e","ftp.sra.ebi.ac.uk/vol1/fastq/ERR288/004/ERR2880964/ERR2880964.fastq.gz",2354256,"ftp.sra.ebi.ac.uk/vol1/run/ERR288/ERR2880964/I0308.bam;ftp.sra.ebi.ac.uk/vol1/run/ERR288/ERR2880964/I0308.bam.bai"
"SAMEA5071009","PRJEB28961","ERR2880965","I0309","I0309","half","ds","ERS2882380",2018-11-07,2018-11-16,"NextSeq 500","SINGLE","GENOMIC","ILLUMINA","S1351.L1","Targeted-Capture","fasp.sra.ebi.ac.uk:/vol1/fastq/ERR288/005/ERR2880965/ERR2880965.fastq.gz",122931800,"7b3f03d00aa5a0a3383657b223b451ec","ftp.sra.ebi.ac.uk/vol1/fastq/ERR288/005/ERR2880965/ERR2880965.fastq.gz",2827298,"ftp.sra.ebi.ac.uk/vol1/run/ERR288/ERR2880965/I0309.bam;ftp.sra.ebi.ac.uk/vol1/run/ERR288/ERR2880965/I0309.bam.bai"
"SAMEA5071010","PRJEB28961","ERR2880966","I11974",,,,"ERS2882381",2018-11-07,2018-11-16,"NextSeq 500","SINGLE","GENOMIC","ILLUMINA","S11974.E1.L1","Targeted-Capture","fasp.sra.ebi.ac.uk:/vol1/fastq/ERR288/006/ERR2880966/ERR2880966.fastq.gz",404896085,"b8e782e94f595fa19a77b07c481799e3","ftp.sra.ebi.ac.uk/vol1/fastq/ERR288/006/ERR2880966/ERR2880966.fastq.gz",14212927,"ftp.sra.ebi.ac.uk/vol1/run/ERR288/ERR2880966/I11974.bam;ftp.sra.ebi.ac.uk/vol1/run/ERR288/ERR2880966/I11974.bam.bai"
"SAMEA5071011","PRJEB28961","ERR2880967","I1357","I1357","half","ds","ERS2882382",2018-11-07,2018-11-16,"NextSeq 500","SINGLE","GENOMIC","ILLUMINA","S1357.L1","Targeted-Capture","fasp.sra.ebi.ac.uk:/vol1/fastq/ERR288/007/ERR2880967/ERR2880967.fastq.gz",232330621,"c6554e6b4967dd28e34733aee74c5047","ftp.sra.ebi.ac.uk/vol1/fastq/ERR288/007/ERR2880967/ERR2880967.fastq.gz",5015036,"ftp.sra.ebi.ac.uk/vol1/run/ERR288/ERR2880967/I1357.bam;ftp.sra.ebi.ac.uk/vol1/run/ERR288/ERR2880967/I1357.bam.bai"
"SAMEA5071012","PRJEB28961","ERR2880968","I1484","I1484","half","ds","ERS2882383",2018-11-07,2018-11-16,"NextSeq 500","SINGLE","GENOMIC","ILLUMINA","S1484.L1","Targeted-Capture","fasp.sra.ebi.ac.uk:/vol1/fastq/ERR288/008/ERR2880968/ERR2880968.fastq.gz",264381370,"044ebd40fc6b213150ba1e56f5c8ddad","ftp.sra.ebi.ac.uk/vol1/fastq/ERR288/008/ERR2880968/ERR2880968.fastq.gz",6505561,"ftp.sra.ebi.ac.uk/vol1/run/ERR288/ERR2880968/I1484.bam;ftp.sra.ebi.ac.uk/vol1/run/ERR288/ERR2880968/I1484.bam.bai"
"SAMEA5071013","PRJEB28961","ERR2880969","I1485","I1485","half","ds","ERS2882384",2018-11-07,2018-11-16,"NextSeq 500","SINGLE","GENOMIC","ILLUMINA","S1485.L1","Targeted-Capture","fasp.sra.ebi.ac.uk:/vol1/fastq/ERR288/009/ERR2880969/ERR2880969.fastq.gz",187490850,"5bf1ff5d80c6fb27065521929168c372","ftp.sra.ebi.ac.uk/vol1/fastq/ERR288/009/ERR2880969/ERR2880969.fastq.gz",4017911,"ftp.sra.ebi.ac.uk/vol1/run/ERR288/ERR2880969/I1485.bam;ftp.sra.ebi.ac.uk/vol1/run/ERR288/ERR2880969/I1485.bam.bai"
"SAMEA5071014","PRJEB28961","ERR2880970","I1742","I1742","half","ds","ERS2882385",2018-11-07,2018-11-16,"NextSeq 500","SINGLE","GENOMIC","ILLUMINA","S1742.L1","Targeted-Capture","fasp.sra.ebi.ac.uk:/vol1/fastq/ERR288/000/ERR2880970/ERR2880970.fastq.gz",118406404,"d637de16c5c693496332824f5e19ff40","ftp.sra.ebi.ac.uk/vol1/fastq/ERR288/000/ERR2880970/ERR2880970.fastq.gz",2586465,"ftp.sra.ebi.ac.uk/vol1/run/ERR288/ERR2880970/I1742.bam;ftp.sra.ebi.ac.uk/vol1/run/ERR288/ERR2880970/I1742.bam.bai"
"SAMEA5071015","PRJEB28961","ERR2880971","I1748","I1748","half","ds","ERS2882386",2018-11-07,2018-11-16,"NextSeq 500","SINGLE","GENOMIC","ILLUMINA","S1748.L1","Targeted-Capture","fasp.sra.ebi.ac.uk:/vol1/fastq/ERR288/001/ERR2880971/ERR2880971.fastq.gz",9209206,"997e104bb360188190c3c79ee8ef3402","ftp.sra.ebi.ac.uk/vol1/fastq/ERR288/001/ERR2880971/ERR2880971.fastq.gz",206882,"ftp.sra.ebi.ac.uk/vol1/run/ERR288/ERR2880971/I1748.bam;ftp.sra.ebi.ac.uk/vol1/run/ERR288/ERR2880971/I1748.bam.bai"
"SAMEA5071016","PRJEB28961","ERR2880972","I1752","I1752","half","ds","ERS2882387",2018-11-07,2018-11-16,"NextSeq 500","SINGLE","GENOMIC","ILLUMINA","S1752.E1.L1","Targeted-Capture","fasp.sra.ebi.ac.uk:/vol1/fastq/ERR288/002/ERR2880972/ERR2880972.fastq.gz",245302884,"9d36acac0de6b33213bb6681081bd180","ftp.sra.ebi.ac.uk/vol1/fastq/ERR288/002/ERR2880972/ERR2880972.fastq.gz",6694909,"ftp.sra.ebi.ac.uk/vol1/run/ERR288/ERR2880972/I1752.bam;ftp.sra.ebi.ac.uk/vol1/run/ERR288/ERR2880972/I1752.bam.bai"
"SAMEA5071017","PRJEB28961","ERR2880973","I1753","I1753","half","ds","ERS2882388",2018-11-07,2018-11-16,"NextSeq 500","SINGLE","GENOMIC","ILLUMINA","S1753.E1.L1","Targeted-Capture","fasp.sra.ebi.ac.uk:/vol1/fastq/ERR288/003/ERR2880973/ERR2880973.fastq.gz",234632947,"d01cad68ee9418028fb35279cf1234d6","ftp.sra.ebi.ac.uk/vol1/fastq/ERR288/003/ERR2880973/ERR2880973.fastq.gz",6734742,"ftp.sra.ebi.ac.uk/vol1/run/ERR288/ERR2880973/I1753.bam;ftp.sra.ebi.ac.uk/vol1/run/ERR288/ERR2880973/I1753.bam.bai"
"SAMEA5071018","PRJEB28961","ERR2880974","I1754","I1754","half","ds","ERS2882389",2018-11-07,2018-11-16,"NextSeq 500","SINGLE","GENOMIC","ILLUMINA","S1754.E1.L1","Targeted-Capture","fasp.sra.ebi.ac.uk:/vol1/fastq/ERR288/004/ERR2880974/ERR2880974.fastq.gz",313720223,"31cbb3f94d94fd61a6db9ecf9b52c6f8","ftp.sra.ebi.ac.uk/vol1/fastq/ERR288/004/ERR2880974/ERR2880974.fastq.gz",8937058,"ftp.sra.ebi.ac.uk/vol1/run/ERR288/ERR2880974/I1754.bam;ftp.sra.ebi.ac.uk/vol1/run/ERR288/ERR2880974/I1754.bam.bai"
"SAMEA5071019","PRJEB28961","ERR2880975","I2230","I2230","half","ds","ERS2882390",2018-11-07,2018-11-16,"NextSeq 500","SINGLE","GENOMIC","ILLUMINA","S2276.L1,S2230.L1","Targeted-Capture","fasp.sra.ebi.ac.uk:/vol1/fastq/ERR288/005/ERR2880975/ERR2880975.fastq.gz",273784834,"5f3ccb1141b9829f62dfdf59ae2f57df","ftp.sra.ebi.ac.uk/vol1/fastq/ERR288/005/ERR2880975/ERR2880975.fastq.gz",7226391,"ftp.sra.ebi.ac.uk/vol1/run/ERR288/ERR2880975/I2230.bam;ftp.sra.ebi.ac.uk/vol1/run/ERR288/ERR2880975/I2230.bam.bai"
"SAMEA5071020","PRJEB28961","ERR2880976","I2232","I2232","half","ds","ERS2882391",2018-11-07,2018-11-16,"NextSeq 500","SINGLE","GENOMIC","ILLUMINA","S2232.L1,S2277.L1","Targeted-Capture","fasp.sra.ebi.ac.uk:/vol1/fastq/ERR288/006/ERR2880976/ERR2880976.fastq.gz",5449429,"2051a7c3cb50195f5ecd75ea5498f8d9","ftp.sra.ebi.ac.uk/vol1/fastq/ERR288/006/ERR2880976/ERR2880976.fastq.gz",168681,"ftp.sra.ebi.ac.uk/vol1/run/ERR288/ERR2880976/I2232.bam;ftp.sra.ebi.ac.uk/vol1/run/ERR288/ERR2880976/I2232.bam.bai"
"SAMEA5071021","PRJEB28961","ERR2880977","I2261","I2261","half","ds","ERS2882392",2018-11-07,2018-11-16,"NextSeq 500","SINGLE","GENOMIC","ILLUMINA","S2261.L1","Targeted-Capture","fasp.sra.ebi.ac.uk:/vol1/fastq/ERR288/007/ERR2880977/ERR2880977.fastq.gz",362712245,"4a0a8cd1d51b49219575ec4d6cf6b854","ftp.sra.ebi.ac.uk/vol1/fastq/ERR288/007/ERR2880977/ERR2880977.fastq.gz",10141981,"ftp.sra.ebi.ac.uk/vol1/run/ERR288/ERR2880977/I2261.bam;ftp.sra.ebi.ac.uk/vol1/run/ERR288/ERR2880977/I2261.bam.bai"
"SAMEA5071022","PRJEB28961","ERR2880978","I2537","I2537","half","ds","ERS2882393",2018-11-07,2018-11-16,"NextSeq 500","SINGLE","GENOMIC","ILLUMINA","S2537.L1","Targeted-Capture","fasp.sra.ebi.ac.uk:/vol1/fastq/ERR288/008/ERR2880978/ERR2880978.fastq.gz",141086357,"d213a205844c39c64973b84ea390ccd1","ftp.sra.ebi.ac.uk/vol1/fastq/ERR288/008/ERR2880978/ERR2880978.fastq.gz",4245054,"ftp.sra.ebi.ac.uk/vol1/run/ERR288/ERR2880978/I2537.bam;ftp.sra.ebi.ac.uk/vol1/run/ERR288/ERR2880978/I2537.bam.bai"
"SAMEA5071023","PRJEB28961","ERR2880979","I2551","I2551","half","ds","ERS2882394",2018-11-07,2018-11-16,"NextSeq 500","SINGLE","GENOMIC","ILLUMINA","S2551.L1","Targeted-Capture","fasp.sra.ebi.ac.uk:/vol1/fastq/ERR288/009/ERR2880979/ERR2880979.fastq.gz",333258302,"48ff2d60ccd2c88a8e351f16ec8da923","ftp.sra.ebi.ac.uk/vol1/fastq/ERR288/009/ERR2880979/ERR2880979.fastq.gz",10019898,"ftp.sra.ebi.ac.uk/vol1/run/ERR288/ERR2880979/I2551.bam;ftp.sra.ebi.ac.uk/vol1/run/ERR288/ERR2880979/I2551.bam.bai"
"SAMEA5071024","PRJEB28961","ERR2880980","I3443",,,,"ERS2882395",2018-11-07,2018-11-16,"NextSeq 500","SINGLE","GENOMIC","ILLUMINA","S3443.E1.L2,S3443.E1.L3,S3443.E1.L4,S3443.E1.L5","Targeted-Capture","fasp.sra.ebi.ac.uk:/vol1/fastq/ERR288/000/ERR2880980/ERR2880980.fastq.gz",131397640,"6c6695dc3781c61dbafd1bd94fad7da5","ftp.sra.ebi.ac.uk/vol1/fastq/ERR288/000/ERR2880980/ERR2880980.fastq.gz",4597906,"ftp.sra.ebi.ac.uk/vol1/run/ERR288/ERR2880980/I3443.bam;ftp.sra.ebi.ac.uk/vol1/run/ERR288/ERR2880980/I3443.bam.bai"
"SAMEA5071025","PRJEB28961","ERR2880981","I5456","I5456","half","ds","ERS2882396",2018-11-07,2018-11-16,"NextSeq 500","SINGLE","GENOMIC","ILLUMINA","S5456.E1.L1","Targeted-Capture","fasp.sra.ebi.ac.uk:/vol1/fastq/ERR288/001/ERR2880981/ERR2880981.fastq.gz",91184857,"649a507bd5b147fce11158468a1c3d0e","ftp.sra.ebi.ac.uk/vol1/fastq/ERR288/001/ERR2880981/ERR2880981.fastq.gz",2724250,"ftp.sra.ebi.ac.uk/vol1/run/ERR288/ERR2880981/I5456.bam;ftp.sra.ebi.ac.uk/vol1/run/ERR288/ERR2880981/I5456.bam.bai"
"SAMEA5071026","PRJEB28961","ERR2880982","I5457","I5457","half","ds","ERS2882397",2018-11-07,2018-11-16,"NextSeq 500","SINGLE","GENOMIC","ILLUMINA","S5457.E1.L1","Targeted-Capture","fasp.sra.ebi.ac.uk:/vol1/fastq/ERR288/002/ERR2880982/ERR2880982.fastq.gz",58528664,"372d179695203e7afe78042f33cdcddc","ftp.sra.ebi.ac.uk/vol1/fastq/ERR288/002/ERR2880982/ERR2880982.fastq.gz",1823966,"ftp.sra.ebi.ac.uk/vol1/run/ERR288/ERR2880982/I5457.bam;ftp.sra.ebi.ac.uk/vol1/run/ERR288/ERR2880982/I5457.bam.bai"
"SAMEA5071028","PRJEB28961","ERR2880983","I7086","I7086","half","ds","ERS2882399",2018-11-07,2018-11-16,"NextSeq 500","SINGLE","GENOMIC","ILLUMINA","S7086.E1.L1","Targeted-Capture","fasp.sra.ebi.ac.uk:/vol1/fastq/ERR288/003/ERR2880983/ERR2880983.fastq.gz",27185620,"d991d3f03a2ca99f1d6b57e0222f71dc","ftp.sra.ebi.ac.uk/vol1/fastq/ERR288/003/ERR2880983/ERR2880983.fastq.gz",766987,"ftp.sra.ebi.ac.uk/vol1/run/ERR288/ERR2880983/I7086.bam;ftp.sra.ebi.ac.uk/vol1/run/ERR288/ERR2880983/I7086.bam.bai"
"SAMEA5071029","PRJEB28961","ERR2880984","I7088","I7088","half","ds","ERS2882400",2018-11-07,2018-11-16,"NextSeq 500","SINGLE","GENOMIC","ILLUMINA","S7088.E1.L1","Targeted-Capture","fasp.sra.ebi.ac.uk:/vol1/fastq/ERR288/004/ERR2880984/ERR2880984.fastq.gz",19865824,"97a926f76e27a08a8cfc041d206f2402","ftp.sra.ebi.ac.uk/vol1/fastq/ERR288/004/ERR2880984/ERR2880984.fastq.gz",566346,"ftp.sra.ebi.ac.uk/vol1/run/ERR288/ERR2880984/I7088.bam;ftp.sra.ebi.ac.uk/vol1/run/ERR288/ERR2880984/I7088.bam.bai"
"SAMEA5071030","PRJEB28961","ERR2880985","I7090","I7090","half","ds","ERS2882401",2018-11-07,2018-11-16,"NextSeq 500","SINGLE","GENOMIC","ILLUMINA","S7090.E1.L1,S7091.E1.L1","Targeted-Capture","fasp.sra.ebi.ac.uk:/vol1/fastq/ERR288/005/ERR2880985/ERR2880985.fastq.gz",60746627,"1db838d77005f15f0649bde03263f6a8","ftp.sra.ebi.ac.uk/vol1/fastq/ERR288/005/ERR2880985/ERR2880985.fastq.gz",1712606,"ftp.sra.ebi.ac.uk/vol1/run/ERR288/ERR2880985/I7090.bam;ftp.sra.ebi.ac.uk/vol1/run/ERR288/ERR2880985/I7090.bam.bai"
"SAMEA5071031","PRJEB28961","ERR2880986","I8348","I8348","half","ds","ERS2882402",2018-11-07,2018-11-16,"NextSeq 500","SINGLE","GENOMIC","ILLUMINA","S8348.L1","Targeted-Capture","fasp.sra.ebi.ac.uk:/vol1/fastq/ERR288/006/ERR2880986/ERR2880986.fastq.gz",56777502,"a97bb00504a828501335c567094c69d6","ftp.sra.ebi.ac.uk/vol1/fastq/ERR288/006/ERR2880986/ERR2880986.fastq.gz",1777400,"ftp.sra.ebi.ac.uk/vol1/run/ERR288/ERR2880986/I8348.bam;ftp.sra.ebi.ac.uk/vol1/run/ERR288/ERR2880986/I8348.bam.bai"
"SAMEA5071032","PRJEB28961","ERR2880987","I8349","I8349","half","ds","ERS2882403",2018-11-07,2018-11-16,"NextSeq 500","SINGLE","GENOMIC","ILLUMINA","S8349.L1","Targeted-Capture",,,,,7555554,"ftp.sra.ebi.ac.uk/vol1/run/ERR288/ERR2880987/I8349.bam"
"SAMEA5071033","PRJEB28961","ERR2880988","I8350",,,,"ERS2882404",2018-11-07,2018-11-16,"NextSeq 500","SINGLE","GENOMIC","ILLUMINA","S8350.L1","Targeted-Capture",,,,,715250,"ftp.sra.ebi.ac.uk/vol1/run/ERR288/ERR2880988/I8350.bam"
"SAMEA5071034","PRJEB28961","ERR2880989","I9054_d","I9054_d","minus","ss","ERS2882405",2018-11-07,2018-11-16,"NextSeq 500","SINGLE","GENOMIC","ILLUMINA","T9054(MA149)","Targeted-Capture","fasp.sra.ebi.ac.uk:/vol1/fastq/ERR288/009/ERR2880989/ERR2880989.fastq.gz",83509085,"5ab3a75ef0443605837dc514ede93f6f","ftp.sra.ebi.ac.uk/vol1/fastq/ERR288/009/ERR2880989/ERR2880989.fastq.gz",2534045,"ftp.sra.ebi.ac.uk/vol1/run/ERR288/ERR2880989/I9054_d.bam;ftp.sra.ebi.ac.uk/vol1/run/ERR288/ERR2880989/I9054_d.bam.bai"
"SAMEA5071035","PRJEB28961","ERR2880990","I9055_d","I9055_d","minus","ss","ERS2882406",2018-11-07,2018-11-16,"NextSeq 500","SINGLE","GENOMIC","ILLUMINA","T9055(MA147)","Targeted-Capture","fasp.sra.ebi.ac.uk:/vol1/fastq/ERR288/000/ERR2880990/ERR2880990.fastq.gz",16068451,"6707a00d23c350dd889785964e814684","ftp.sra.ebi.ac.uk/vol1/fastq/ERR288/000/ERR2880990/ERR2880990.fastq.gz",514602,"ftp.sra.ebi.ac.uk/vol1/run/ERR288/ERR2880990/I9055_d.bam;ftp.sra.ebi.ac.uk/vol1/run/ERR288/ERR2880990/I9055_d.bam.bai"
"SAMEA5071036","PRJEB28961","ERR2880991","I9056_d","I9056_d","minus","ss","ERS2882407",2018-11-07,2018-11-16,"NextSeq 500","SINGLE","GENOMIC","ILLUMINA","T9056(MA142)","Targeted-Capture","fasp.sra.ebi.ac.uk:/vol1/fastq/ERR288/001/ERR2880991/ERR2880991.fastq.gz",22215378,"75e08d5b7dee38ee5666767956f82c0e","ftp.sra.ebi.ac.uk/vol1/fastq/ERR288/001/ERR2880991/ERR2880991.fastq.gz",646138,"ftp.sra.ebi.ac.uk/vol1/run/ERR288/ERR2880991/I9056_d.bam;ftp.sra.ebi.ac.uk/vol1/run/ERR288/ERR2880991/I9056_d.bam.bai"
"SAMEA5071037","PRJEB28961","ERR2880992","I9057_d","I9057_d","minus","ss","ERS2882408",2018-11-07,2018-11-16,"NextSeq 500","SINGLE","GENOMIC","ILLUMINA","T9057(MA141)","Targeted-Capture","fasp.sra.ebi.ac.uk:/vol1/fastq/ERR288/002/ERR2880992/ERR2880992.fastq.gz",9923460,"cbe3f3d7846396360e32362813a73284","ftp.sra.ebi.ac.uk/vol1/fastq/ERR288/002/ERR2880992/ERR2880992.fastq.gz",337949,"ftp.sra.ebi.ac.uk/vol1/run/ERR288/ERR2880992/I9057_d.bam;ftp.sra.ebi.ac.uk/vol1/run/ERR288/ERR2880992/I9057_d.bam.bai"
"SAMEA5071038","PRJEB28961","ERR2880993","I9058_d",,,,"ERS2882409",2018-11-07,2018-11-16,"NextSeq 500","SINGLE","GENOMIC","ILLUMINA","T9058(MA144)","Targeted-Capture","fasp.sra.ebi.ac.uk:/vol1/fastq/ERR288/003/ERR2880993/ERR2880993.fastq.gz",6687424,"56a791ec27c2927c2f5d643f3e25951c","ftp.sra.ebi.ac.uk/vol1/fastq/ERR288/003/ERR2880993/ERR2880993.fastq.gz",180187,"ftp.sra.ebi.ac.uk/vol1/run/ERR288/ERR2880993/I9058_d.bam;ftp.sra.ebi.ac.uk/vol1/run/ERR288/ERR2880993/I9058_d.bam.bai"
"SAMEA5071039","PRJEB28961","ERR2880994","LAR001","LAR001","half","ds","ERS2882410",2018-11-07,2018-11-16,"Illumina HiSeq 4000","SINGLE","GENOMIC","ILLUMINA","LAR001.A0102","Targeted-Capture","fasp.sra.ebi.ac.uk:/vol1/fastq/ERR288/004/ERR2880994/ERR2880994.fastq.gz",65895950,"0e5b9f475dfb6e742855694d952a2643","ftp.sra.ebi.ac.uk/vol1/fastq/ERR288/004/ERR2880994/ERR2880994.fastq.gz",2050864,"ftp.sra.ebi.ac.uk/vol1/run/ERR288/ERR2880994/LAR001.bam;ftp.sra.ebi.ac.uk/vol1/run/ERR288/ERR2880994/LAR001.bam.bai"
"SAMEA5071040","PRJEB28961","ERR2880995","LAR002","LAR002","half","ds","ERS2882411",2018-11-07,2018-11-16,"Illumina HiSeq 4000","SINGLE","GENOMIC","ILLUMINA","LAR002.A0102","Targeted-Capture","fasp.sra.ebi.ac.uk:/vol1/fastq/ERR288/005/ERR2880995/ERR2880995.fastq.gz",45842745,"3ba24db9fe42eddbf48e931b30d86f57","ftp.sra.ebi.ac.uk/vol1/fastq/ERR288/005/ERR2880995/ERR2880995.fastq.gz",1409596,"ftp.sra.ebi.ac.uk/vol1/run/ERR288/ERR2880995/LAR002.bam;ftp.sra.ebi.ac.uk/vol1/run/ERR288/ERR2880995/LAR002.bam.bai"
"SAMEA5071041","PRJEB28961","ERR2880996","MOS001","MOS001","half","ds","ERS2882412",2018-11-07,2018-11-16,"Illumina HiSeq 4000","SINGLE","GENOMIC","ILLUMINA","MOS001.A0102","Targeted-Capture","fasp.sra.ebi.ac.uk:/vol1/fastq/ERR288/006/ERR2880996/ERR2880996.fastq.gz",40661972,"17a2da12919ef4f047e06232d02aa30b","ftp.sra.ebi.ac.uk/vol1/fastq/ERR288/006/ERR2880996/ERR2880996.fastq.gz",1288761,"ftp.sra.ebi.ac.uk/vol1/run/ERR288/ERR2880996/MOS001.bam;ftp.sra.ebi.ac.uk/vol1/run/ERR288/ERR2880996/MOS001.bam.bai"
"SAMEA5070992","PRJEB28961","ERR2880997","CP18","CP18","half","ds","ERS2882363",2018-11-07,2018-11-16,"Illumina HiSeq 4000","SINGLE","GENOMIC","ILLUMINA","LAP006.A0102","Targeted-Capture","fasp.sra.ebi.ac.uk:/vol1/fastq/ERR288/007/ERR2880997/ERR2880997.fastq.gz",517127,"32db886967091880027cbdafda415496","ftp.sra.ebi.ac.uk/vol1/fastq/ERR288/007/ERR2880997/ERR2880997.fastq.gz",39351,"ftp.sra.ebi.ac.uk/vol1/run/ERR288/ERR2880997/LapaDoSanto_Burial15.bam;ftp.sra.ebi.ac.uk/vol1/run/ERR288/ERR2880997/LapaDoSanto_Burial15.bam.bai"
"SAMEA5070993","PRJEB28961","ERR2880998","CP19","CP19","half","ds","ERS2882364",2018-11-07,2018-11-16,"Illumina HiSeq 4000","SINGLE","GENOMIC","ILLUMINA","LAP007.A0102","Targeted-Capture","fasp.sra.ebi.ac.uk:/vol1/fastq/ERR288/008/ERR2880998/ERR2880998.fastq.gz",487233,"84c70bdceedad52f9dc1a190b960a209","ftp.sra.ebi.ac.uk/vol1/fastq/ERR288/008/ERR2880998/ERR2880998.fastq.gz",37709,"ftp.sra.ebi.ac.uk/vol1/run/ERR288/ERR2880998/LapaDoSanto_Burial1.bam;ftp.sra.ebi.ac.uk/vol1/run/ERR288/ERR2880998/LapaDoSanto_Burial1.bam.bai"
"SAMEA5070994","PRJEB28961","ERR2880999","CP21",,,,"ERS2882365",2018-11-07,2018-11-16,"Illumina HiSeq 4000","SINGLE","GENOMIC","ILLUMINA","LAP001.A0102","Targeted-Capture","fasp.sra.ebi.ac.uk:/vol1/fastq/ERR288/009/ERR2880999/ERR2880999.fastq.gz",627326,"e6e4052bc1ca103490b3d42a78b57a46","ftp.sra.ebi.ac.uk/vol1/fastq/ERR288/009/ERR2880999/ERR2880999.fastq.gz",45148,"ftp.sra.ebi.ac.uk/vol1/run/ERR288/ERR2880999/LapaDoSanto_Burial30.bam;ftp.sra.ebi.ac.uk/vol1/run/ERR288/ERR2880999/LapaDoSanto_Burial30.bam.bai"
"SAMEA5070995","PRJEB28961","ERR2881000","CP22",,,,"ERS2882366",2018-11-07,2018-11-16,"Illumina HiSeq 4000","SINGLE","GENOMIC","ILLUMINA","LAP002.A0102","Targeted-Capture","fasp.sra.ebi.ac.uk:/vol1/fastq/ERR288/000/ERR2881000/ERR2881000.fastq.gz",885677,"9bf9e5a8e44eb6510ca9207e4055fd51","ftp.sra.ebi.ac.uk/vol1/fastq/ERR288/000/ERR2881000/ERR2881000.fastq.gz",66207,"ftp.sra.ebi.ac.uk/vol1/run/ERR288/ERR2881000/LapaDoSanto_Burial32.bam;ftp.sra.ebi.ac.uk/vol1/run/ERR288/ERR2881000/LapaDoSanto_Burial32.bam.bai"
"SAMEA5070996","PRJEB28961","ERR2881001","CP23","CP23","half","ds","ERS2882367",2018-11-07,2018-11-16,"Illumina HiSeq 4000","SINGLE","GENOMIC","ILLUMINA","LAP004.A0102","Targeted-Capture","fasp.sra.ebi.ac.uk:/vol1/fastq/ERR288/001/ERR2881001/ERR2881001.fastq.gz",543060,"d4306b304ead2d498dd1d6713a6dc440","ftp.sra.ebi.ac.uk/vol1/fastq/ERR288/001/ERR2881001/ERR2881001.fastq.gz",40328,"ftp.sra.ebi.ac.uk/vol1/run/ERR288/ERR2881001/LapaDoSanto_Burial16.bam;ftp.sra.ebi.ac.uk/vol1/run/ERR288/ERR2881001/LapaDoSanto_Burial16.bam.bai"
"SAMEA5070997","PRJEB28961","ERR2881002","CP25","CP25","half","ds","ERS2882368",2018-11-07,2018-11-16,"Illumina HiSeq 4000","SINGLE","GENOMIC","ILLUMINA","LAP005.A0102","Targeted-Capture","fasp.sra.ebi.ac.uk:/vol1/fastq/ERR288/002/ERR2881002/ERR2881002.fastq.gz",442229,"1bcb12bfbeaa6cddad9435dfad10feed","ftp.sra.ebi.ac.uk/vol1/fastq/ERR288/002/ERR2881002/ERR2881002.fastq.gz",31938,"ftp.sra.ebi.ac.uk/vol1/run/ERR288/ERR2881002/LapaDoSanto_Burial18.bam;ftp.sra.ebi.ac.uk/vol1/run/ERR288/ERR2881002/LapaDoSanto_Burial18.bam.bai"
"SAMEA5070998","PRJEB28961","ERR2881003","CP26","CP26","half","ds","ERS2882369",2018-11-07,2018-11-16,"Illumina HiSeq 4000","SINGLE","GENOMIC","ILLUMINA","LAP003.A0102","Targeted-Capture","fasp.sra.ebi.ac.uk:/vol1/fastq/ERR288/003/ERR2881003/ERR2881003.fastq.gz",165134,"d1ddf86987fc301bfcff4af5b63e8a70","ftp.sra.ebi.ac.uk/vol1/fastq/ERR288/003/ERR2881003/ERR2881003.fastq.gz",11689,"ftp.sra.ebi.ac.uk/vol1/run/ERR288/ERR2881003/LapaDoSanto_Burial4.bam;ftp.sra.ebi.ac.uk/vol1/run/ERR288/ERR2881003/LapaDoSanto_Burial4.bam.bai"
"SAMEA5070999","PRJEB28961","ERR2881004","CP29","CP29","half","ds","ERS2882370",2018-11-07,2018-11-16,"Illumina HiSeq 4000","SINGLE","GENOMIC","ILLUMINA","CUN002.A0102","Targeted-Capture","fasp.sra.ebi.ac.uk:/vol1/fastq/ERR288/004/ERR2881004/ERR2881004.fastq.gz",1125146,"46238344a8c644a59299401a4b78eab0","ftp.sra.ebi.ac.uk/vol1/fastq/ERR288/004/ERR2881004/ERR2881004.fastq.gz",79360,"ftp.sra.ebi.ac.uk/vol1/run/ERR288/ERR2881004/Cuncaicha_15-07.bam;ftp.sra.ebi.ac.uk/vol1/run/ERR288/ERR2881004/Cuncaicha_15-07.bam.bai"
"SAMEA5071000","PRJEB28961","ERR2881005","CP8","CP8","half","ds","ERS2882371",2018-11-07,2018-11-16,"Illumina HiSeq 4000","SINGLE","GENOMIC","ILLUMINA","CUN001.A0102","Targeted-Capture","fasp.sra.ebi.ac.uk:/vol1/fastq/ERR288/005/ERR2881005/ERR2881005.fastq.gz",3353569,"fb5ffdaa95c7beaba3ecde896359f8d0","ftp.sra.ebi.ac.uk/vol1/fastq/ERR288/005/ERR2881005/ERR2881005.fastq.gz",247231,"ftp.sra.ebi.ac.uk/vol1/run/ERR288/ERR2881005/Cuncaicha_15-03.bam;ftp.sra.ebi.ac.uk/vol1/run/ERR288/ERR2881005/Cuncaicha_15-03.bam.bai"
"SAMEA5071001","PRJEB28961","ERR2881006","CUN008","CUN008","half","ds","ERS2882372",2018-11-07,2018-11-16,"Illumina HiSeq 4000","SINGLE","GENOMIC","ILLUMINA","CUN008.B0102","Targeted-Capture","fasp.sra.ebi.ac.uk:/vol1/fastq/ERR288/006/ERR2881006/ERR2881006.fastq.gz",1002967,"e8ea6b69659034680f172f4314d540b0","ftp.sra.ebi.ac.uk/vol1/fastq/ERR288/006/ERR2881006/ERR2881006.fastq.gz",64928,"ftp.sra.ebi.ac.uk/vol1/run/ERR288/ERR2881006/Cuncaicha_15-04.bam;ftp.sra.ebi.ac.uk/vol1/run/ERR288/ERR2881006/Cuncaicha_15-04.bam.bai"
"SAMEA5071046","PRJEB28961","ERR2881007","GA141mtDNA",,,,"ERS2882417",2018-11-07,2018-11-16,"NextSeq 500","SINGLE","GENOMIC","ILLUMINA","GA141","Targeted-Capture","fasp.sra.ebi.ac.uk:/vol1/fastq/ERR288/007/ERR2881007/ERR2881007.fastq.gz",221627,"46a080044913a90c1856c5ae256d4106","ftp.sra.ebi.ac.uk/vol1/fastq/ERR288/007/ERR2881007/ERR2881007.fastq.gz",7984,"ftp.sra.ebi.ac.uk/vol1/run/ERR288/ERR2881007/LapaDoSanto_Burial23_Adult2.bam;ftp.sra.ebi.ac.uk/vol1/run/ERR288/ERR2881007/LapaDoSanto_Burial23_Adult2.bam.bai"
"SAMEA5071047","PRJEB28961","ERR2881008","GA145mtDNA",,,,"ERS2882418",2018-11-07,2018-11-16,"NextSeq 500","SINGLE","GENOMIC","ILLUMINA","GA145","Targeted-Capture","fasp.sra.ebi.ac.uk:/vol1/fastq/ERR288/008/ERR2881008/ERR2881008.fastq.gz",354932,"5cfb3b262587b788050191196d65d99d","ftp.sra.ebi.ac.uk/vol1/fastq/ERR288/008/ERR2881008/ERR2881008.fastq.gz",15330,"ftp.sra.ebi.ac.uk/vol1/run/ERR288/ERR2881008/LapaDoSanto_Burial23_SubAdult1.bam;ftp.sra.ebi.ac.uk/vol1/run/ERR288/ERR2881008/LapaDoSanto_Burial23_SubAdult1.bam.bai"
"SAMEA5071043","PRJEB28961","ERR2881009","GA174mtDNA",,,,"ERS2882414",2018-11-07,2018-11-16,"NextSeq 500","SINGLE","GENOMIC","ILLUMINA","GA174","Targeted-Capture","fasp.sra.ebi.ac.uk:/vol1/fastq/ERR288/009/ERR2881009/ERR2881009.fastq.gz",3978223,"56df9a2af1c985310e1293863feee9a5","ftp.sra.ebi.ac.uk/vol1/fastq/ERR288/009/ERR2881009/ERR2881009.fastq.gz",167411,"ftp.sra.ebi.ac.uk/vol1/run/ERR288/ERR2881009/Jabuticabeira2_Burial34.bam;ftp.sra.ebi.ac.uk/vol1/run/ERR288/ERR2881009/Jabuticabeira2_Burial34.bam.bai"
"SAMEA5071045","PRJEB28961","ERR2881010","GA208mtDNA",,,,"ERS2882416",2018-11-07,2018-11-16,"NextSeq 500","SINGLE","GENOMIC","ILLUMINA","GA208","Targeted-Capture","fasp.sra.ebi.ac.uk:/vol1/fastq/ERR288/000/ERR2881010/ERR2881010.fastq.gz",66184,"1167f5d799e4ea52c9cca14895eef510","ftp.sra.ebi.ac.uk/vol1/fastq/ERR288/000/ERR2881010/ERR2881010.fastq.gz",2325,"ftp.sra.ebi.ac.uk/vol1/run/ERR288/ERR2881010/LapaDoSanto_Burial17.bam;ftp.sra.ebi.ac.uk/vol1/run/ERR288/ERR2881010/LapaDoSanto_Burial17.bam.bai"
"SAMEA5071010","PRJEB28961","ERR2881011","I11974",,,,"ERS2882381",2018-11-07,2018-11-16,"NextSeq 500","SINGLE","GENOMIC","ILLUMINA","S11974.E1.L1","Targeted-Capture","fasp.sra.ebi.ac.uk:/vol1/fastq/ERR288/001/ERR2881011/ERR2881011.fastq.gz",1530398,"e3f2a05e6985008a3ab49caffdd99e77","ftp.sra.ebi.ac.uk/vol1/fastq/ERR288/001/ERR2881011/ERR2881011.fastq.gz",79889,"ftp.sra.ebi.ac.uk/vol1/run/ERR288/ERR2881011/LosRieles_LV036IND1.bam;ftp.sra.ebi.ac.uk/vol1/run/ERR288/ERR2881011/LosRieles_LV036IND1.bam.bai"
"SAMEA5071011","PRJEB28961","ERR2881012","I1357","I1357","half","ds","ERS2882382",2018-11-07,2018-11-16,"NextSeq 500","SINGLE","GENOMIC","ILLUMINA","S1357.L1","Targeted-Capture","fasp.sra.ebi.ac.uk:/vol1/fastq/ERR288/002/ERR2881012/ERR2881012.fastq.gz",2330207,"665361455365fcafea15f1f2905d9b7b","ftp.sra.ebi.ac.uk/vol1/fastq/ERR288/002/ERR2881012/ERR2881012.fastq.gz",88845,"ftp.sra.ebi.ac.uk/vol1/run/ERR288/ERR2881012/Laramate_BC14.bam;ftp.sra.ebi.ac.uk/vol1/run/ERR288/ERR2881012/Laramate_BC14.bam.bai"
"SAMEA5071012","PRJEB28961","ERR2881013","I1484","I1484","half","ds","ERS2882383",2018-11-07,2018-11-16,"NextSeq 500","SINGLE","GENOMIC","ILLUMINA","S1484.L1","Targeted-Capture","fasp.sra.ebi.ac.uk:/vol1/fastq/ERR288/003/ERR2881013/ERR2881013.fastq.gz",2391241,"e3c93d7250ee779c01f27ae3f1e403c6","ftp.sra.ebi.ac.uk/vol1/fastq/ERR288/003/ERR2881013/ERR2881013.fastq.gz",84908,"ftp.sra.ebi.ac.uk/vol1/run/ERR288/ERR2881013/Laramate_BC13.bam;ftp.sra.ebi.ac.uk/vol1/run/ERR288/ERR2881013/Laramate_BC13.bam.bai"
"SAMEA5071013","PRJEB28961","ERR2881014","I1485","I1485","half","ds","ERS2882384",2018-11-07,2018-11-16,"NextSeq 500","SINGLE","GENOMIC","ILLUMINA","S1485.L1","Targeted-Capture","fasp.sra.ebi.ac.uk:/vol1/fastq/ERR288/004/ERR2881014/ERR2881014.fastq.gz",4650676,"95719d67556f972621e2e4896ff9037d","ftp.sra.ebi.ac.uk/vol1/fastq/ERR288/004/ERR2881014/ERR2881014.fastq.gz",157436,"ftp.sra.ebi.ac.uk/vol1/run/ERR288/ERR2881014/Laramate_YA5.bam;ftp.sra.ebi.ac.uk/vol1/run/ERR288/ERR2881014/Laramate_YA5.bam.bai"
"SAMEA5071014","PRJEB28961","ERR2881015","I1742","I1742","half","ds","ERS2882385",2018-11-07,2018-11-16,"NextSeq 500","SINGLE","GENOMIC","ILLUMINA","S1742.L1","Targeted-Capture","fasp.sra.ebi.ac.uk:/vol1/fastq/ERR288/005/ERR2881015/ERR2881015.fastq.gz",8009824,"ce4d419d89bc66a811627788bc294438","ftp.sra.ebi.ac.uk/vol1/fastq/ERR288/005/ERR2881015/ERR2881015.fastq.gz",273704,"ftp.sra.ebi.ac.uk/vol1/run/ERR288/ERR2881015/Laramate_TA12.bam;ftp.sra.ebi.ac.uk/vol1/run/ERR288/ERR2881015/Laramate_TA12.bam.bai"
"SAMEA5071015","PRJEB28961","ERR2881016","I1748","I1748","half","ds","ERS2882386",2018-11-07,2018-11-16,"NextSeq 500","SINGLE","GENOMIC","ILLUMINA","S1748.L1","Targeted-Capture","fasp.sra.ebi.ac.uk:/vol1/fastq/ERR288/006/ERR2881016/ERR2881016.fastq.gz",40369,"a05baf0d2991a0cc8dacc18401870416","ftp.sra.ebi.ac.uk/vol1/fastq/ERR288/006/ERR2881016/ERR2881016.fastq.gz",1203,"ftp.sra.ebi.ac.uk/vol1/run/ERR288/ERR2881016/ArroyoSeco2_ASOB1S3a.bam;ftp.sra.ebi.ac.uk/vol1/run/ERR288/ERR2881016/ArroyoSeco2_ASOB1S3a.bam.bai"
"SAMEA5071016","PRJEB28961","ERR2881017","I1752","I1752","half","ds","ERS2882387",2018-11-07,2018-11-16,"NextSeq 500","SINGLE","GENOMIC","ILLUMINA","S1752.E1.L1","Targeted-Capture","fasp.sra.ebi.ac.uk:/vol1/fastq/ERR288/007/ERR2881017/ERR2881017.fastq.gz",2964698,"f362c102837bb3c0fa1f3723c0dd6a90","ftp.sra.ebi.ac.uk/vol1/fastq/ERR288/007/ERR2881017/ERR2881017.fastq.gz",136850,"ftp.sra.ebi.ac.uk/vol1/run/ERR288/ERR2881017/Conchali_ND1.bam;ftp.sra.ebi.ac.uk/vol1/run/ERR288/ERR2881017/Conchali_ND1.bam.bai"
"SAMEA5071017","PRJEB28961","ERR2881018","I1753","I1753","half","ds","ERS2882388",2018-11-07,2018-11-16,"NextSeq 500","SINGLE","GENOMIC","ILLUMINA","S1753.E1.L1","Targeted-Capture","fasp.sra.ebi.ac.uk:/vol1/fastq/ERR288/008/ERR2881018/ERR2881018.fastq.gz",2005942,"025e071da3a31b81828508bedb4910ee","ftp.sra.ebi.ac.uk/vol1/fastq/ERR288/008/ERR2881018/ERR2881018.fastq.gz",94379,"ftp.sra.ebi.ac.uk/vol1/run/ERR288/ERR2881018/LosRieles_LV036IND2.bam;ftp.sra.ebi.ac.uk/vol1/run/ERR288/ERR2881018/LosRieles_LV036IND2.bam.bai"
"SAMEA5071018","PRJEB28961","ERR2881019","I1754","I1754","half","ds","ERS2882389",2018-11-07,2018-11-16,"NextSeq 500","SINGLE","GENOMIC","ILLUMINA","S1754.E1.L1","Targeted-Capture","fasp.sra.ebi.ac.uk:/vol1/fastq/ERR288/009/ERR2881019/ERR2881019.fastq.gz",3208284,"0d65819c76c3077e7023023540f7fb5b","ftp.sra.ebi.ac.uk/vol1/fastq/ERR288/009/ERR2881019/ERR2881019.fastq.gz",149529,"ftp.sra.ebi.ac.uk/vol1/run/ERR288/ERR2881019/Conchali_ND2.bam;ftp.sra.ebi.ac.uk/vol1/run/ERR288/ERR2881019/Conchali_ND2.bam.bai"
"SAMEA5071019","PRJEB28961","ERR2881020","I2230","I2230","half","ds","ERS2882390",2018-11-07,2018-11-16,"NextSeq 500","SINGLE","GENOMIC","ILLUMINA","S2276.L1,S2230.L1","Targeted-Capture","fasp.sra.ebi.ac.uk:/vol1/fastq/ERR288/000/ERR2881020/ERR2881020.fastq.gz",2358462,"ed0ba416998cc34a5ce084f367d1872c","ftp.sra.ebi.ac.uk/vol1/fastq/ERR288/000/ERR2881020/ERR2881020.fastq.gz",120532,"ftp.sra.ebi.ac.uk/vol1/run/ERR288/ERR2881020/ArroyoSeco2_SC13_L295_AS2_36.bam;ftp.sra.ebi.ac.uk/vol1/run/ERR288/ERR2881020/ArroyoSeco2_SC13_L295_AS2_36.bam.bai"
"SAMEA5071020","PRJEB28961","ERR2881021","I2232","I2232","half","ds","ERS2882391",2018-11-07,2018-11-16,"NextSeq 500","SINGLE","GENOMIC","ILLUMINA","S2232.L1,S2277.L1","Targeted-Capture","fasp.sra.ebi.ac.uk:/vol1/fastq/ERR288/001/ERR2881021/ERR2881021.fastq.gz",323914,"04c15baec7aba41e82b71b9169ada162","ftp.sra.ebi.ac.uk/vol1/fastq/ERR288/001/ERR2881021/ERR2881021.fastq.gz",15923,"ftp.sra.ebi.ac.uk/vol1/run/ERR288/ERR2881021/ArroyoSeco2_SC7_L204_AS2_49.bam;ftp.sra.ebi.ac.uk/vol1/run/ERR288/ERR2881021/ArroyoSeco2_SC7_L204_AS2_49.bam.bai"
"SAMEA5071021","PRJEB28961","ERR2881022","I2261","I2261","half","ds","ERS2882392",2018-11-07,2018-11-16,"NextSeq 500","SINGLE","GENOMIC","ILLUMINA","S2261.L1","Targeted-Capture","fasp.sra.ebi.ac.uk:/vol1/fastq/ERR288/002/ERR2881022/ERR2881022.fastq.gz",8309590,"3045e5f48598890929d3fb7c7f3a2e47","ftp.sra.ebi.ac.uk/vol1/fastq/ERR288/002/ERR2881022/ERR2881022.fastq.gz",383493,"ftp.sra.ebi.ac.uk/vol1/run/ERR288/ERR2881022/LaGalgada_SC10_L259_LGA30.bam;ftp.sra.ebi.ac.uk/vol1/run/ERR288/ERR2881022/LaGalgada_SC10_L259_LGA30.bam.bai"
"SAMEA5071022","PRJEB28961","ERR2881023","I2537","I2537","half","ds","ERS2882393",2018-11-07,2018-11-16,"NextSeq 500","SINGLE","GENOMIC","ILLUMINA","S2537.L1","Targeted-Capture","fasp.sra.ebi.ac.uk:/vol1/fastq/ERR288/003/ERR2881023/ERR2881023.fastq.gz",10067984,"8a378c1a57fe92e952960a3be5eabd47","ftp.sra.ebi.ac.uk/vol1/fastq/ERR288/003/ERR2881023/ERR2881023.fastq.gz",423363,"ftp.sra.ebi.ac.uk/vol1/run/ERR288/ERR2881023/PicaOcho_PO2.bam;ftp.sra.ebi.ac.uk/vol1/run/ERR288/ERR2881023/PicaOcho_PO2.bam.bai"
"SAMEA5071023","PRJEB28961","ERR2881024","I2551","I2551","half","ds","ERS2882394",2018-11-07,2018-11-16,"NextSeq 500","SINGLE","GENOMIC","ILLUMINA","S2551.L1","Targeted-Capture","fasp.sra.ebi.ac.uk:/vol1/fastq/ERR288/004/ERR2881024/ERR2881024.fastq.gz",4033423,"c806584f11b0a65697af411ba161f994","ftp.sra.ebi.ac.uk/vol1/fastq/ERR288/004/ERR2881024/ERR2881024.fastq.gz",190412,"ftp.sra.ebi.ac.uk/vol1/run/ERR288/ERR2881024/Laramate_HA1.bam;ftp.sra.ebi.ac.uk/vol1/run/ERR288/ERR2881024/Laramate_HA1.bam.bai"
"SAMEA5071024","PRJEB28961","ERR2881025","I3443",,,,"ERS2882395",2018-11-07,2018-11-16,"NextSeq 500","SINGLE","GENOMIC","ILLUMINA","S3443.E1.L2,S3443.E1.L3,S3443.E1.L4,S3443.E1.L5","Targeted-Capture","fasp.sra.ebi.ac.uk:/vol1/fastq/ERR288/005/ERR2881025/ERR2881025.fastq.gz",475157,"6d110daa29e765de87746203d749cba9","ftp.sra.ebi.ac.uk/vol1/fastq/ERR288/005/ERR2881025/ERR2881025.fastq.gz",23156,"ftp.sra.ebi.ac.uk/vol1/run/ERR288/ERR2881025/MayahakCabPek_Burial6.bam;ftp.sra.ebi.ac.uk/vol1/run/ERR288/ERR2881025/MayahakCabPek_Burial6.bam.bai"
"SAMEA5071025","PRJEB28961","ERR2881026","I5456","I5456","half","ds","ERS2882396",2018-11-07,2018-11-16,"NextSeq 500","SINGLE","GENOMIC","ILLUMINA","S5456.E1.L1","Targeted-Capture","fasp.sra.ebi.ac.uk:/vol1/fastq/ERR288/006/ERR2881026/ERR2881026.fastq.gz",295970,"b4f35b05c8627c9bccf850293171fab1","ftp.sra.ebi.ac.uk/vol1/fastq/ERR288/006/ERR2881026/ERR2881026.fastq.gz",13160,"ftp.sra.ebi.ac.uk/vol1/run/ERR288/ERR2881026/SakiTzul_64-P1.bam;ftp.sra.ebi.ac.uk/vol1/run/ERR288/ERR2881026/SakiTzul_64-P1.bam.bai"
"SAMEA5071026","PRJEB28961","ERR2881027","I5457","I5457","half","ds","ERS2882397",2018-11-07,2018-11-16,"NextSeq 500","SINGLE","GENOMIC","ILLUMINA","S5457.E1.L1","Targeted-Capture","fasp.sra.ebi.ac.uk:/vol1/fastq/ERR288/007/ERR2881027/ERR2881027.fastq.gz",277791,"560e7364deb558e5aab79b5c5bfbee5c","ftp.sra.ebi.ac.uk/vol1/fastq/ERR288/007/ERR2881027/ERR2881027.fastq.gz",12593,"ftp.sra.ebi.ac.uk/vol1/run/ERR288/ERR2881027/SakiTzul_31-P2.bam;ftp.sra.ebi.ac.uk/vol1/run/ERR288/ERR2881027/SakiTzul_31-P2.bam.bai"
"SAMEA5071028","PRJEB28961","ERR2881028","I7086","I7086","half","ds","ERS2882399",2018-11-07,2018-11-16,"NextSeq 500","SINGLE","GENOMIC","ILLUMINA","S7086.E1.L1","Targeted-Capture","fasp.sra.ebi.ac.uk:/vol1/fastq/ERR288/008/ERR2881028/ERR2881028.fastq.gz",62651,"55f25735b0308650effac53cf1840aff","ftp.sra.ebi.ac.uk/vol1/fastq/ERR288/008/ERR2881028/ERR2881028.fastq.gz",2050,"ftp.sra.ebi.ac.uk/vol1/run/ERR288/ERR2881028/ArroyoSeco2_AS15.bam;ftp.sra.ebi.ac.uk/vol1/run/ERR288/ERR2881028/ArroyoSeco2_AS15.bam.bai"
"SAMEA5071029","PRJEB28961","ERR2881029","I7088","I7088","half","ds","ERS2882400",2018-11-07,2018-11-16,"NextSeq 500","SINGLE","GENOMIC","ILLUMINA","S7088.E1.L1","Targeted-Capture","fasp.sra.ebi.ac.uk:/vol1/fastq/ERR288/009/ERR2881029/ERR2881029.fastq.gz",38151,"28deb0d7352bac754c6460bdde577861","ftp.sra.ebi.ac.uk/vol1/fastq/ERR288/009/ERR2881029/ERR2881029.fastq.gz",1214,"ftp.sra.ebi.ac.uk/vol1/run/ERR288/ERR2881029/ArroyoSeco2_AS6.bam;ftp.sra.ebi.ac.uk/vol1/run/ERR288/ERR2881029/ArroyoSeco2_AS6.bam.bai"
"SAMEA5071030","PRJEB28961","ERR2881030","I7090","I7090","half","ds","ERS2882401",2018-11-07,2018-11-16,"NextSeq 500","SINGLE","GENOMIC","ILLUMINA","S7090.E1.L1,S7091.E1.L1","Targeted-Capture","fasp.sra.ebi.ac.uk:/vol1/fastq/ERR288/000/ERR2881030/ERR2881030.fastq.gz",199666,"737e8718f21bdd81285cc6589ba68e7e","ftp.sra.ebi.ac.uk/vol1/fastq/ERR288/000/ERR2881030/ERR2881030.fastq.gz",7736,"ftp.sra.ebi.ac.uk/vol1/run/ERR288/ERR2881030/ArroyoSeco2_FCS_AS2_10497+10498.bam;ftp.sra.ebi.ac.uk/vol1/run/ERR288/ERR2881030/ArroyoSeco2_FCS_AS2_10497+10498.bam.bai"
"SAMEA5071031","PRJEB28961","ERR2881031","I8348","I8348","half","ds","ERS2882402",2018-11-07,2018-11-16,"NextSeq 500","SINGLE","GENOMIC","ILLUMINA","S8348.L1","Targeted-Capture","fasp.sra.ebi.ac.uk:/vol1/fastq/ERR288/001/ERR2881031/ERR2881031.fastq.gz",70159,"954b9dd4150d114d95eb2d632223de35","ftp.sra.ebi.ac.uk/vol1/fastq/ERR288/001/ERR2881031/ERR2881031.fastq.gz",2560,"ftp.sra.ebi.ac.uk/vol1/run/ERR288/ERR2881031/LagunaChica_SC50_L761.bam;ftp.sra.ebi.ac.uk/vol1/run/ERR288/ERR2881031/LagunaChica_SC50_L761.bam.bai"
"SAMEA5071032","PRJEB28961","ERR2881032","I8349","I8349","half","ds","ERS2882403",2018-11-07,2018-11-16,"NextSeq 500","SINGLE","GENOMIC","ILLUMINA","S8349.L1","Targeted-Capture","fasp.sra.ebi.ac.uk:/vol1/fastq/ERR288/002/ERR2881032/ERR2881032.fastq.gz",253593,"7f2172e994e8edcc00ae5ed1fc4dd14b","ftp.sra.ebi.ac.uk/vol1/fastq/ERR288/002/ERR2881032/ERR2881032.fastq.gz",10229,"ftp.sra.ebi.ac.uk/vol1/run/ERR288/ERR2881032/LagunaChica_SC50_L762.bam;ftp.sra.ebi.ac.uk/vol1/run/ERR288/ERR2881032/LagunaChica_SC50_L762.bam.bai"
"SAMEA5071033","PRJEB28961","ERR2881033","I8350",,,,"ERS2882404",2018-11-07,2018-11-16,"NextSeq 500","SINGLE","GENOMIC","ILLUMINA","S8350.L1","Targeted-Capture","fasp.sra.ebi.ac.uk:/vol1/fastq/ERR288/003/ERR2881033/ERR2881033.fastq.gz",89987,"d60ec21940b7b4b4f9b56167d00c4037","ftp.sra.ebi.ac.uk/vol1/fastq/ERR288/003/ERR2881033/ERR2881033.fastq.gz",3710,"ftp.sra.ebi.ac.uk/vol1/run/ERR288/ERR2881033/LagunaChica_SC50_L763.bam;ftp.sra.ebi.ac.uk/vol1/run/ERR288/ERR2881033/LagunaChica_SC50_L763.bam.bai"
"SAMEA5071034","PRJEB28961","ERR2881034","I9054_d","I9054_d","minus","ss","ERS2882405",2018-11-07,2018-11-16,"NextSeq 500","SINGLE","GENOMIC","ILLUMINA","MA43","Targeted-Capture","fasp.sra.ebi.ac.uk:/vol1/fastq/ERR288/004/ERR2881034/ERR2881034.fastq.gz",993859,"916bc052ea6abce5d8c5899e0ed285c5","ftp.sra.ebi.ac.uk/vol1/fastq/ERR288/004/ERR2881034/ERR2881034.fastq.gz",44746,"ftp.sra.ebi.ac.uk/vol1/run/ERR288/ERR2881034/Jabuticabeira2_Burial111.112_nonPathological.bam;ftp.sra.ebi.ac.uk/vol1/run/ERR288/ERR2881034/Jabuticabeira2_Burial111.112_nonPathological.bam.bai"
"SAMEA5071035","PRJEB28961","ERR2881035","I9055_d","I9055_d","minus","ss","ERS2882406",2018-11-07,2018-11-16,"NextSeq 500","SINGLE","GENOMIC","ILLUMINA","MA44","Targeted-Capture","fasp.sra.ebi.ac.uk:/vol1/fastq/ERR288/005/ERR2881035/ERR2881035.fastq.gz",1935922,"cb4194d8cdcdfd541e6eb3299bb8c7bb","ftp.sra.ebi.ac.uk/vol1/fastq/ERR288/005/ERR2881035/ERR2881035.fastq.gz",85686,"ftp.sra.ebi.ac.uk/vol1/run/ERR288/ERR2881035/Jabuticabeira2_Burial111.112_Pathological.bam;ftp.sra.ebi.ac.uk/vol1/run/ERR288/ERR2881035/Jabuticabeira2_Burial111.112_Pathological.bam.bai"
"SAMEA5071036","PRJEB28961","ERR2881036","I9056_d","I9056_d","minus","ss","ERS2882407",2018-11-07,2018-11-16,"NextSeq 500","SINGLE","GENOMIC","ILLUMINA","GA171","Targeted-Capture","fasp.sra.ebi.ac.uk:/vol1/fastq/ERR288/006/ERR2881036/ERR2881036.fastq.gz",5277161,"876db0d0a72bc5828398a7590a9e2dec","ftp.sra.ebi.ac.uk/vol1/fastq/ERR288/006/ERR2881036/ERR2881036.fastq.gz",190265,"ftp.sra.ebi.ac.uk/vol1/run/ERR288/ERR2881036/Jabuticabeira2_Burial102.bam;ftp.sra.ebi.ac.uk/vol1/run/ERR288/ERR2881036/Jabuticabeira2_Burial102.bam.bai"
"SAMEA5071037","PRJEB28961","ERR2881037","I9057_d","I9057_d","minus","ss","ERS2882408",2018-11-07,2018-11-16,"NextSeq 500","SINGLE","GENOMIC","ILLUMINA","MA46","Targeted-Capture","fasp.sra.ebi.ac.uk:/vol1/fastq/ERR288/007/ERR2881037/ERR2881037.fastq.gz",2841652,"c883338920430611e54d73efff14f1b2","ftp.sra.ebi.ac.uk/vol1/fastq/ERR288/007/ERR2881037/ERR2881037.fastq.gz",116109,"ftp.sra.ebi.ac.uk/vol1/run/ERR288/ERR2881037/Jabuticabeira2_Burial110.bam;ftp.sra.ebi.ac.uk/vol1/run/ERR288/ERR2881037/Jabuticabeira2_Burial110.bam.bai"
"SAMEA5071038","PRJEB28961","ERR2881038","I9058_d",,,,"ERS2882409",2018-11-07,2018-11-16,"NextSeq 500","SINGLE","GENOMIC","ILLUMINA","MA45","Targeted-Capture","fasp.sra.ebi.ac.uk:/vol1/fastq/ERR288/008/ERR2881038/ERR2881038.fastq.gz",5133482,"17792c582c8bfee1d8a4a73a56ab5987","ftp.sra.ebi.ac.uk/vol1/fastq/ERR288/008/ERR2881038/ERR2881038.fastq.gz",219605,"ftp.sra.ebi.ac.uk/vol1/run/ERR288/ERR2881038/Jabuticabeira2_Burial10B.bam;ftp.sra.ebi.ac.uk/vol1/run/ERR288/ERR2881038/Jabuticabeira2_Burial10B.bam.bai"
"SAMEA5071039","PRJEB28961","ERR2881039","LAR001","LAR001","half","ds","ERS2882410",2018-11-07,2018-11-16,"Illumina HiSeq 4000","SINGLE","GENOMIC","ILLUMINA","LAR001.A0101","Targeted-Capture","fasp.sra.ebi.ac.uk:/vol1/fastq/ERR288/009/ERR2881039/ERR2881039.fastq.gz",353545,"30f5fab991bb9317378b449d32ef7d76","ftp.sra.ebi.ac.uk/vol1/fastq/ERR288/009/ERR2881039/ERR2881039.fastq.gz",26539,"ftp.sra.ebi.ac.uk/vol1/run/ERR288/ERR2881039/Laranjal_LARAN2_Burial2.bam;ftp.sra.ebi.ac.uk/vol1/run/ERR288/ERR2881039/Laranjal_LARAN2_Burial2.bam.bai"
"SAMEA5071040","PRJEB28961","ERR2881040","LAR002","LAR002","half","ds","ERS2882411",2018-11-07,2018-11-16,"Illumina HiSeq 4000","SINGLE","GENOMIC","ILLUMINA","LAR002.A0101","Targeted-Capture","fasp.sra.ebi.ac.uk:/vol1/fastq/ERR288/000/ERR2881040/ERR2881040.fastq.gz",871537,"16d9829606e260b4e771eee545e19263","ftp.sra.ebi.ac.uk/vol1/fastq/ERR288/000/ERR2881040/ERR2881040.fastq.gz",68472,"ftp.sra.ebi.ac.uk/vol1/run/ERR288/ERR2881040/Laranjal_LARAN4_Burial3.bam;ftp.sra.ebi.ac.uk/vol1/run/ERR288/ERR2881040/Laranjal_LARAN4_Burial3.bam.bai"
"SAMEA5071044","PRJEB28961","ERR2881041","MA42mtDNA",,,,"ERS2882415",2018-11-07,2018-11-16,"NextSeq 500","SINGLE","GENOMIC","ILLUMINA","MA42","Targeted-Capture","fasp.sra.ebi.ac.uk:/vol1/fastq/ERR288/001/ERR2881041/ERR2881041.fastq.gz",1906525,"71f7210141a49ec7833a4af4fd895c8d","ftp.sra.ebi.ac.uk/vol1/fastq/ERR288/001/ERR2881041/ERR2881041.fastq.gz",81134,"ftp.sra.ebi.ac.uk/vol1/run/ERR288/ERR2881041/Jabuticabeira2_Burial43.bam;ftp.sra.ebi.ac.uk/vol1/run/ERR288/ERR2881041/Jabuticabeira2_Burial43.bam.bai"
"SAMEA5071042","PRJEB28961","ERR2881042","MA47mtDNA",,,,"ERS2882413",2018-11-07,2018-11-16,"NextSeq 500","SINGLE","GENOMIC","ILLUMINA","MA47","Targeted-Capture","fasp.sra.ebi.ac.uk:/vol1/fastq/ERR288/002/ERR2881042/ERR2881042.fastq.gz",1229329,"c6896fac37789be7c591dbe6f2fd6f40","ftp.sra.ebi.ac.uk/vol1/fastq/ERR288/002/ERR2881042/ERR2881042.fastq.gz",52810,"ftp.sra.ebi.ac.uk/vol1/run/ERR288/ERR2881042/Jabuticabeira2_Burial11A.bam;ftp.sra.ebi.ac.uk/vol1/run/ERR288/ERR2881042/Jabuticabeira2_Burial11A.bam.bai"
"SAMEA5071048","PRJEB28961","ERR2881043","MA56mtDNA",,,,"ERS2882419",2018-11-07,2018-11-16,"NextSeq 500","SINGLE","GENOMIC","ILLUMINA","MA56","Targeted-Capture","fasp.sra.ebi.ac.uk:/vol1/fastq/ERR288/003/ERR2881043/ERR2881043.fastq.gz",64474,"a65bfb2919dc3d6d494c217a0fdc5f8c","ftp.sra.ebi.ac.uk/vol1/fastq/ERR288/003/ERR2881043/ERR2881043.fastq.gz",2324,"ftp.sra.ebi.ac.uk/vol1/run/ERR288/ERR2881043/LapaDoSanto_Burial28.bam;ftp.sra.ebi.ac.uk/vol1/run/ERR288/ERR2881043/LapaDoSanto_Burial28.bam.bai"
"SAMEA5071041","PRJEB28961","ERR2881044","MOS001","MOS001","half","ds","ERS2882412",2018-11-07,2018-11-16,"Illumina HiSeq 4000","SINGLE","GENOMIC","ILLUMINA","MOS001.A0101","Targeted-Capture","fasp.sra.ebi.ac.uk:/vol1/fastq/ERR288/004/ERR2881044/ERR2881044.fastq.gz",641129,"7417e431ea55167f8d06035f3492ecf3","ftp.sra.ebi.ac.uk/vol1/fastq/ERR288/004/ERR2881044/ERR2881044.fastq.gz",50402,"ftp.sra.ebi.ac.uk/vol1/run/ERR288/ERR2881044/Moraes_Burial5.bam;ftp.sra.ebi.ac.uk/vol1/run/ERR288/ERR2881044/Moraes_Burial5.bam.bai"
